wave,control_id,control_name,target_id,repository_name,decision,rationale,decision_owner,decision_source
2D,EMS-CTRL-001,Engineering Governance Policy,REPO-001,bluto,NOT_APPLICABLE,Organization/EMS-level control is evaluated at REPO-EMS rather than separately for each product repository.,Engineering Management,POLICY_ORG_ONLY
2D,EMS-CTRL-001,Engineering Governance Policy,REPO-002,fiskroad,NOT_APPLICABLE,Organization/EMS-level control is evaluated at REPO-EMS rather than separately for each product repository.,Engineering Management,POLICY_ORG_ONLY
2D,EMS-CTRL-001,Engineering Governance Policy,REPO-003,hometown,NOT_APPLICABLE,Organization/EMS-level control is evaluated at REPO-EMS rather than separately for each product repository.,Engineering Management,POLICY_ORG_ONLY
2D,EMS-CTRL-001,Engineering Governance Policy,REPO-004,nono,NOT_APPLICABLE,Organization/EMS-level control is evaluated at REPO-EMS rather than separately for each product repository.,Engineering Management,POLICY_ORG_ONLY
2D,EMS-CTRL-001,Engineering Governance Policy,REPO-005,olive,NOT_APPLICABLE,Organization/EMS-level control is evaluated at REPO-EMS rather than separately for each product repository.,Engineering Management,POLICY_ORG_ONLY
2D,EMS-CTRL-001,Engineering Governance Policy,REPO-006,popeye,NOT_APPLICABLE,Organization/EMS-level control is evaluated at REPO-EMS rather than separately for each product repository.,Engineering Management,POLICY_ORG_ONLY
2D,EMS-CTRL-001,Engineering Governance Policy,REPO-EMS,ems,APPLICABLE,EMS repository is the authoritative target for EMS/organization controls and its own engineering controls.,Engineering Management,POLICY_EMS_TARGET
2D,EMS-CTRL-002,Controlled Document Management,REPO-001,bluto,NOT_APPLICABLE,Organization/EMS-level control is evaluated at REPO-EMS rather than separately for each product repository.,Engineering Management,POLICY_ORG_ONLY
2D,EMS-CTRL-002,Controlled Document Management,REPO-002,fiskroad,NOT_APPLICABLE,Organization/EMS-level control is evaluated at REPO-EMS rather than separately for each product repository.,Engineering Management,POLICY_ORG_ONLY
2D,EMS-CTRL-002,Controlled Document Management,REPO-003,hometown,NOT_APPLICABLE,Organization/EMS-level control is evaluated at REPO-EMS rather than separately for each product repository.,Engineering Management,POLICY_ORG_ONLY
2D,EMS-CTRL-002,Controlled Document Management,REPO-004,nono,NOT_APPLICABLE,Organization/EMS-level control is evaluated at REPO-EMS rather than separately for each product repository.,Engineering Management,POLICY_ORG_ONLY
2D,EMS-CTRL-002,Controlled Document Management,REPO-005,olive,NOT_APPLICABLE,Organization/EMS-level control is evaluated at REPO-EMS rather than separately for each product repository.,Engineering Management,POLICY_ORG_ONLY
2D,EMS-CTRL-002,Controlled Document Management,REPO-006,popeye,NOT_APPLICABLE,Organization/EMS-level control is evaluated at REPO-EMS rather than separately for each product repository.,Engineering Management,POLICY_ORG_ONLY
2D,EMS-CTRL-002,Controlled Document Management,REPO-EMS,ems,APPLICABLE,EMS repository is the authoritative target for EMS/organization controls and its own engineering controls.,Engineering Management,POLICY_EMS_TARGET
2D,EMS-CTRL-003,Third-party dependency governance,REPO-001,bluto,NOT_APPLICABLE,Organization/EMS-level control is evaluated at REPO-EMS rather than separately for each product repository.,Engineering Management,POLICY_ORG_ONLY
2D,EMS-CTRL-003,Third-party dependency governance,REPO-002,fiskroad,NOT_APPLICABLE,Organization/EMS-level control is evaluated at REPO-EMS rather than separately for each product repository.,Engineering Management,POLICY_ORG_ONLY
2D,EMS-CTRL-003,Third-party dependency governance,REPO-003,hometown,NOT_APPLICABLE,Organization/EMS-level control is evaluated at REPO-EMS rather than separately for each product repository.,Engineering Management,POLICY_ORG_ONLY
2D,EMS-CTRL-003,Third-party dependency governance,REPO-004,nono,NOT_APPLICABLE,Organization/EMS-level control is evaluated at REPO-EMS rather than separately for each product repository.,Engineering Management,POLICY_ORG_ONLY
2D,EMS-CTRL-003,Third-party dependency governance,REPO-005,olive,NOT_APPLICABLE,Organization/EMS-level control is evaluated at REPO-EMS rather than separately for each product repository.,Engineering Management,POLICY_ORG_ONLY
2D,EMS-CTRL-003,Third-party dependency governance,REPO-006,popeye,NOT_APPLICABLE,Organization/EMS-level control is evaluated at REPO-EMS rather than separately for each product repository.,Engineering Management,POLICY_ORG_ONLY
2D,EMS-CTRL-003,Third-party dependency governance,REPO-EMS,ems,APPLICABLE,EMS repository is the authoritative target for EMS/organization controls and its own engineering controls.,Engineering Management,POLICY_EMS_TARGET
2D,EMS-CTRL-004,Secrets and identity protection,REPO-001,bluto,NOT_APPLICABLE,Organization/EMS-level control is evaluated at REPO-EMS rather than separately for each product repository.,Engineering Management,POLICY_ORG_ONLY
2D,EMS-CTRL-004,Secrets and identity protection,REPO-002,fiskroad,NOT_APPLICABLE,Organization/EMS-level control is evaluated at REPO-EMS rather than separately for each product repository.,Engineering Management,POLICY_ORG_ONLY
2D,EMS-CTRL-004,Secrets and identity protection,REPO-003,hometown,NOT_APPLICABLE,Organization/EMS-level control is evaluated at REPO-EMS rather than separately for each product repository.,Engineering Management,POLICY_ORG_ONLY
2D,EMS-CTRL-004,Secrets and identity protection,REPO-004,nono,NOT_APPLICABLE,Organization/EMS-level control is evaluated at REPO-EMS rather than separately for each product repository.,Engineering Management,POLICY_ORG_ONLY
2D,EMS-CTRL-004,Secrets and identity protection,REPO-005,olive,NOT_APPLICABLE,Organization/EMS-level control is evaluated at REPO-EMS rather than separately for each product repository.,Engineering Management,POLICY_ORG_ONLY
2D,EMS-CTRL-004,Secrets and identity protection,REPO-006,popeye,NOT_APPLICABLE,Organization/EMS-level control is evaluated at REPO-EMS rather than separately for each product repository.,Engineering Management,POLICY_ORG_ONLY
2D,EMS-CTRL-004,Secrets and identity protection,REPO-EMS,ems,APPLICABLE,EMS repository is the authoritative target for EMS/organization controls and its own engineering controls.,Engineering Management,POLICY_EMS_TARGET
2D,EMS-CTRL-005,Repository Classification,REPO-001,bluto,NOT_APPLICABLE,Organization/EMS-level control is evaluated at REPO-EMS rather than separately for each product repository.,Engineering Management,POLICY_ORG_ONLY
2D,EMS-CTRL-005,Repository Classification,REPO-002,fiskroad,NOT_APPLICABLE,Organization/EMS-level control is evaluated at REPO-EMS rather than separately for each product repository.,Engineering Management,POLICY_ORG_ONLY
2D,EMS-CTRL-005,Repository Classification,REPO-003,hometown,NOT_APPLICABLE,Organization/EMS-level control is evaluated at REPO-EMS rather than separately for each product repository.,Engineering Management,POLICY_ORG_ONLY
2D,EMS-CTRL-005,Repository Classification,REPO-004,nono,NOT_APPLICABLE,Organization/EMS-level control is evaluated at REPO-EMS rather than separately for each product repository.,Engineering Management,POLICY_ORG_ONLY
2D,EMS-CTRL-005,Repository Classification,REPO-005,olive,NOT_APPLICABLE,Organization/EMS-level control is evaluated at REPO-EMS rather than separately for each product repository.,Engineering Management,POLICY_ORG_ONLY
2D,EMS-CTRL-005,Repository Classification,REPO-006,popeye,NOT_APPLICABLE,Organization/EMS-level control is evaluated at REPO-EMS rather than separately for each product repository.,Engineering Management,POLICY_ORG_ONLY
2D,EMS-CTRL-005,Repository Classification,REPO-EMS,ems,APPLICABLE,EMS repository is the authoritative target for EMS/organization controls and its own engineering controls.,Engineering Management,POLICY_EMS_TARGET
2D,EMS-CTRL-006,Recovery readiness,REPO-001,bluto,NOT_APPLICABLE,Organization/EMS-level control is evaluated at REPO-EMS rather than separately for each product repository.,Engineering Management,POLICY_ORG_ONLY
2D,EMS-CTRL-006,Recovery readiness,REPO-002,fiskroad,NOT_APPLICABLE,Organization/EMS-level control is evaluated at REPO-EMS rather than separately for each product repository.,Engineering Management,POLICY_ORG_ONLY
2D,EMS-CTRL-006,Recovery readiness,REPO-003,hometown,NOT_APPLICABLE,Organization/EMS-level control is evaluated at REPO-EMS rather than separately for each product repository.,Engineering Management,POLICY_ORG_ONLY
2D,EMS-CTRL-006,Recovery readiness,REPO-004,nono,NOT_APPLICABLE,Organization/EMS-level control is evaluated at REPO-EMS rather than separately for each product repository.,Engineering Management,POLICY_ORG_ONLY
2D,EMS-CTRL-006,Recovery readiness,REPO-005,olive,NOT_APPLICABLE,Organization/EMS-level control is evaluated at REPO-EMS rather than separately for each product repository.,Engineering Management,POLICY_ORG_ONLY
2D,EMS-CTRL-006,Recovery readiness,REPO-006,popeye,NOT_APPLICABLE,Organization/EMS-level control is evaluated at REPO-EMS rather than separately for each product repository.,Engineering Management,POLICY_ORG_ONLY
2D,EMS-CTRL-006,Recovery readiness,REPO-EMS,ems,APPLICABLE,EMS repository is the authoritative target for EMS/organization controls and its own engineering controls.,Engineering Management,POLICY_EMS_TARGET
2D,EMS-CTRL-007,AI-assisted development governance,REPO-001,bluto,NOT_APPLICABLE,Organization/EMS-level control is evaluated at REPO-EMS rather than separately for each product repository.,Engineering Management,POLICY_ORG_ONLY
2D,EMS-CTRL-007,AI-assisted development governance,REPO-002,fiskroad,NOT_APPLICABLE,Organization/EMS-level control is evaluated at REPO-EMS rather than separately for each product repository.,Engineering Management,POLICY_ORG_ONLY
2D,EMS-CTRL-007,AI-assisted development governance,REPO-003,hometown,NOT_APPLICABLE,Organization/EMS-level control is evaluated at REPO-EMS rather than separately for each product repository.,Engineering Management,POLICY_ORG_ONLY
2D,EMS-CTRL-007,AI-assisted development governance,REPO-004,nono,NOT_APPLICABLE,Organization/EMS-level control is evaluated at REPO-EMS rather than separately for each product repository.,Engineering Management,POLICY_ORG_ONLY
2D,EMS-CTRL-007,AI-assisted development governance,REPO-005,olive,NOT_APPLICABLE,Organization/EMS-level control is evaluated at REPO-EMS rather than separately for each product repository.,Engineering Management,POLICY_ORG_ONLY
2D,EMS-CTRL-007,AI-assisted development governance,REPO-006,popeye,NOT_APPLICABLE,Organization/EMS-level control is evaluated at REPO-EMS rather than separately for each product repository.,Engineering Management,POLICY_ORG_ONLY
2D,EMS-CTRL-007,AI-assisted development governance,REPO-EMS,ems,APPLICABLE,EMS repository is the authoritative target for EMS/organization controls and its own engineering controls.,Engineering Management,POLICY_EMS_TARGET
2D,EMS-CTRL-008,Controlled documentation and evidence,REPO-001,bluto,NOT_APPLICABLE,Organization/EMS-level control is evaluated at REPO-EMS rather than separately for each product repository.,Engineering Management,POLICY_ORG_ONLY
2D,EMS-CTRL-008,Controlled documentation and evidence,REPO-002,fiskroad,NOT_APPLICABLE,Organization/EMS-level control is evaluated at REPO-EMS rather than separately for each product repository.,Engineering Management,POLICY_ORG_ONLY
2D,EMS-CTRL-008,Controlled documentation and evidence,REPO-003,hometown,NOT_APPLICABLE,Organization/EMS-level control is evaluated at REPO-EMS rather than separately for each product repository.,Engineering Management,POLICY_ORG_ONLY
2D,EMS-CTRL-008,Controlled documentation and evidence,REPO-004,nono,NOT_APPLICABLE,Organization/EMS-level control is evaluated at REPO-EMS rather than separately for each product repository.,Engineering Management,POLICY_ORG_ONLY
2D,EMS-CTRL-008,Controlled documentation and evidence,REPO-005,olive,NOT_APPLICABLE,Organization/EMS-level control is evaluated at REPO-EMS rather than separately for each product repository.,Engineering Management,POLICY_ORG_ONLY
2D,EMS-CTRL-008,Controlled documentation and evidence,REPO-006,popeye,NOT_APPLICABLE,Organization/EMS-level control is evaluated at REPO-EMS rather than separately for each product repository.,Engineering Management,POLICY_ORG_ONLY
2D,EMS-CTRL-008,Controlled documentation and evidence,REPO-EMS,ems,APPLICABLE,EMS repository is the authoritative target for EMS/organization controls and its own engineering controls.,Engineering Management,POLICY_EMS_TARGET
2D,EMS-CTRL-009,Branch Protection Required,REPO-001,bluto,APPLICABLE,General engineering/repository control applies to registered Wave 2D product repository.,Engineering Management,POLICY_DEFAULT_REPOSITORY
2D,EMS-CTRL-009,Branch Protection Required,REPO-002,fiskroad,APPLICABLE,General engineering/repository control applies to registered Wave 2D product repository.,Engineering Management,POLICY_DEFAULT_REPOSITORY
2D,EMS-CTRL-009,Branch Protection Required,REPO-003,hometown,APPLICABLE,General engineering/repository control applies to registered Wave 2D product repository.,Engineering Management,POLICY_DEFAULT_REPOSITORY
2D,EMS-CTRL-009,Branch Protection Required,REPO-004,nono,APPLICABLE,General engineering/repository control applies to registered Wave 2D product repository.,Engineering Management,POLICY_DEFAULT_REPOSITORY
2D,EMS-CTRL-009,Branch Protection Required,REPO-005,olive,APPLICABLE,General engineering/repository control applies to registered Wave 2D product repository.,Engineering Management,POLICY_DEFAULT_REPOSITORY
2D,EMS-CTRL-009,Branch Protection Required,REPO-006,popeye,APPLICABLE,General engineering/repository control applies to registered Wave 2D product repository.,Engineering Management,POLICY_DEFAULT_REPOSITORY
2D,EMS-CTRL-009,Branch Protection Required,REPO-EMS,ems,APPLICABLE,EMS repository is the authoritative target for EMS/organization controls and its own engineering controls.,Engineering Management,POLICY_EMS_TARGET
2D,EMS-CTRL-010,Pull Request Review,REPO-001,bluto,APPLICABLE,General engineering/repository control applies to registered Wave 2D product repository.,Engineering Management,POLICY_DEFAULT_REPOSITORY
2D,EMS-CTRL-010,Pull Request Review,REPO-002,fiskroad,APPLICABLE,General engineering/repository control applies to registered Wave 2D product repository.,Engineering Management,POLICY_DEFAULT_REPOSITORY
2D,EMS-CTRL-010,Pull Request Review,REPO-003,hometown,APPLICABLE,General engineering/repository control applies to registered Wave 2D product repository.,Engineering Management,POLICY_DEFAULT_REPOSITORY
2D,EMS-CTRL-010,Pull Request Review,REPO-004,nono,APPLICABLE,General engineering/repository control applies to registered Wave 2D product repository.,Engineering Management,POLICY_DEFAULT_REPOSITORY
2D,EMS-CTRL-010,Pull Request Review,REPO-005,olive,APPLICABLE,General engineering/repository control applies to registered Wave 2D product repository.,Engineering Management,POLICY_DEFAULT_REPOSITORY
2D,EMS-CTRL-010,Pull Request Review,REPO-006,popeye,APPLICABLE,General engineering/repository control applies to registered Wave 2D product repository.,Engineering Management,POLICY_DEFAULT_REPOSITORY
2D,EMS-CTRL-010,Pull Request Review,REPO-EMS,ems,APPLICABLE,EMS repository is the authoritative target for EMS/organization controls and its own engineering controls.,Engineering Management,POLICY_EMS_TARGET
2D,EMS-CTRL-011,CODEOWNERS Enforcement,REPO-001,bluto,APPLICABLE,General engineering/repository control applies to registered Wave 2D product repository.,Engineering Management,POLICY_DEFAULT_REPOSITORY
2D,EMS-CTRL-011,CODEOWNERS Enforcement,REPO-002,fiskroad,APPLICABLE,General engineering/repository control applies to registered Wave 2D product repository.,Engineering Management,POLICY_DEFAULT_REPOSITORY
2D,EMS-CTRL-011,CODEOWNERS Enforcement,REPO-003,hometown,APPLICABLE,General engineering/repository control applies to registered Wave 2D product repository.,Engineering Management,POLICY_DEFAULT_REPOSITORY
2D,EMS-CTRL-011,CODEOWNERS Enforcement,REPO-004,nono,APPLICABLE,General engineering/repository control applies to registered Wave 2D product repository.,Engineering Management,POLICY_DEFAULT_REPOSITORY
2D,EMS-CTRL-011,CODEOWNERS Enforcement,REPO-005,olive,APPLICABLE,General engineering/repository control applies to registered Wave 2D product repository.,Engineering Management,POLICY_DEFAULT_REPOSITORY
2D,EMS-CTRL-011,CODEOWNERS Enforcement,REPO-006,popeye,APPLICABLE,General engineering/repository control applies to registered Wave 2D product repository.,Engineering Management,POLICY_DEFAULT_REPOSITORY
2D,EMS-CTRL-011,CODEOWNERS Enforcement,REPO-EMS,ems,APPLICABLE,EMS repository is the authoritative target for EMS/organization controls and its own engineering controls.,Engineering Management,POLICY_EMS_TARGET
2D,EMS-CTRL-012,Signed Commits,REPO-001,bluto,APPLICABLE,General engineering/repository control applies to registered Wave 2D product repository.,Engineering Management,POLICY_DEFAULT_REPOSITORY
2D,EMS-CTRL-012,Signed Commits,REPO-002,fiskroad,APPLICABLE,General engineering/repository control applies to registered Wave 2D product repository.,Engineering Management,POLICY_DEFAULT_REPOSITORY
2D,EMS-CTRL-012,Signed Commits,REPO-003,hometown,APPLICABLE,General engineering/repository control applies to registered Wave 2D product repository.,Engineering Management,POLICY_DEFAULT_REPOSITORY
2D,EMS-CTRL-012,Signed Commits,REPO-004,nono,APPLICABLE,General engineering/repository control applies to registered Wave 2D product repository.,Engineering Management,POLICY_DEFAULT_REPOSITORY
2D,EMS-CTRL-012,Signed Commits,REPO-005,olive,APPLICABLE,General engineering/repository control applies to registered Wave 2D product repository.,Engineering Management,POLICY_DEFAULT_REPOSITORY
2D,EMS-CTRL-012,Signed Commits,REPO-006,popeye,APPLICABLE,General engineering/repository control applies to registered Wave 2D product repository.,Engineering Management,POLICY_DEFAULT_REPOSITORY
2D,EMS-CTRL-012,Signed Commits,REPO-EMS,ems,APPLICABLE,EMS repository is the authoritative target for EMS/organization controls and its own engineering controls.,Engineering Management,POLICY_EMS_TARGET
2D,EMS-CTRL-013,Protected Release Tags,REPO-001,bluto,APPLICABLE,General engineering/repository control applies to registered Wave 2D product repository.,Engineering Management,POLICY_DEFAULT_REPOSITORY
2D,EMS-CTRL-013,Protected Release Tags,REPO-002,fiskroad,APPLICABLE,General engineering/repository control applies to registered Wave 2D product repository.,Engineering Management,POLICY_DEFAULT_REPOSITORY
2D,EMS-CTRL-013,Protected Release Tags,REPO-003,hometown,APPLICABLE,General engineering/repository control applies to registered Wave 2D product repository.,Engineering Management,POLICY_DEFAULT_REPOSITORY
2D,EMS-CTRL-013,Protected Release Tags,REPO-004,nono,APPLICABLE,General engineering/repository control applies to registered Wave 2D product repository.,Engineering Management,POLICY_DEFAULT_REPOSITORY
2D,EMS-CTRL-013,Protected Release Tags,REPO-005,olive,APPLICABLE,General engineering/repository control applies to registered Wave 2D product repository.,Engineering Management,POLICY_DEFAULT_REPOSITORY
2D,EMS-CTRL-013,Protected Release Tags,REPO-006,popeye,APPLICABLE,General engineering/repository control applies to registered Wave 2D product repository.,Engineering Management,POLICY_DEFAULT_REPOSITORY
2D,EMS-CTRL-013,Protected Release Tags,REPO-EMS,ems,APPLICABLE,EMS repository is the authoritative target for EMS/organization controls and its own engineering controls.,Engineering Management,POLICY_EMS_TARGET
2D,EMS-CTRL-014,Mandatory Issue Linkage,REPO-001,bluto,APPLICABLE,General engineering/repository control applies to registered Wave 2D product repository.,Engineering Management,POLICY_DEFAULT_REPOSITORY
2D,EMS-CTRL-014,Mandatory Issue Linkage,REPO-002,fiskroad,APPLICABLE,General engineering/repository control applies to registered Wave 2D product repository.,Engineering Management,POLICY_DEFAULT_REPOSITORY
2D,EMS-CTRL-014,Mandatory Issue Linkage,REPO-003,hometown,APPLICABLE,General engineering/repository control applies to registered Wave 2D product repository.,Engineering Management,POLICY_DEFAULT_REPOSITORY
2D,EMS-CTRL-014,Mandatory Issue Linkage,REPO-004,nono,APPLICABLE,General engineering/repository control applies to registered Wave 2D product repository.,Engineering Management,POLICY_DEFAULT_REPOSITORY
2D,EMS-CTRL-014,Mandatory Issue Linkage,REPO-005,olive,APPLICABLE,General engineering/repository control applies to registered Wave 2D product repository.,Engineering Management,POLICY_DEFAULT_REPOSITORY
2D,EMS-CTRL-014,Mandatory Issue Linkage,REPO-006,popeye,APPLICABLE,General engineering/repository control applies to registered Wave 2D product repository.,Engineering Management,POLICY_DEFAULT_REPOSITORY
2D,EMS-CTRL-014,Mandatory Issue Linkage,REPO-EMS,ems,APPLICABLE,EMS repository is the authoritative target for EMS/organization controls and its own engineering controls.,Engineering Management,POLICY_EMS_TARGET
2D,EMS-CTRL-015,Repository Template Compliance,REPO-001,bluto,APPLICABLE,General engineering/repository control applies to registered Wave 2D product repository.,Engineering Management,POLICY_DEFAULT_REPOSITORY
2D,EMS-CTRL-015,Repository Template Compliance,REPO-002,fiskroad,APPLICABLE,General engineering/repository control applies to registered Wave 2D product repository.,Engineering Management,POLICY_DEFAULT_REPOSITORY
2D,EMS-CTRL-015,Repository Template Compliance,REPO-003,hometown,APPLICABLE,General engineering/repository control applies to registered Wave 2D product repository.,Engineering Management,POLICY_DEFAULT_REPOSITORY
2D,EMS-CTRL-015,Repository Template Compliance,REPO-004,nono,APPLICABLE,General engineering/repository control applies to registered Wave 2D product repository.,Engineering Management,POLICY_DEFAULT_REPOSITORY
2D,EMS-CTRL-015,Repository Template Compliance,REPO-005,olive,APPLICABLE,General engineering/repository control applies to registered Wave 2D product repository.,Engineering Management,POLICY_DEFAULT_REPOSITORY
2D,EMS-CTRL-015,Repository Template Compliance,REPO-006,popeye,APPLICABLE,General engineering/repository control applies to registered Wave 2D product repository.,Engineering Management,POLICY_DEFAULT_REPOSITORY
2D,EMS-CTRL-015,Repository Template Compliance,REPO-EMS,ems,APPLICABLE,EMS repository is the authoritative target for EMS/organization controls and its own engineering controls.,Engineering Management,POLICY_EMS_TARGET
2D,EMS-CTRL-016,Evidence integrity and retention,REPO-001,bluto,APPLICABLE,General engineering/repository control applies to registered Wave 2D product repository.,Engineering Management,POLICY_DEFAULT_REPOSITORY
2D,EMS-CTRL-016,Evidence integrity and retention,REPO-002,fiskroad,APPLICABLE,General engineering/repository control applies to registered Wave 2D product repository.,Engineering Management,POLICY_DEFAULT_REPOSITORY
2D,EMS-CTRL-016,Evidence integrity and retention,REPO-003,hometown,APPLICABLE,General engineering/repository control applies to registered Wave 2D product repository.,Engineering Management,POLICY_DEFAULT_REPOSITORY
2D,EMS-CTRL-016,Evidence integrity and retention,REPO-004,nono,APPLICABLE,General engineering/repository control applies to registered Wave 2D product repository.,Engineering Management,POLICY_DEFAULT_REPOSITORY
2D,EMS-CTRL-016,Evidence integrity and retention,REPO-005,olive,APPLICABLE,General engineering/repository control applies to registered Wave 2D product repository.,Engineering Management,POLICY_DEFAULT_REPOSITORY
2D,EMS-CTRL-016,Evidence integrity and retention,REPO-006,popeye,APPLICABLE,General engineering/repository control applies to registered Wave 2D product repository.,Engineering Management,POLICY_DEFAULT_REPOSITORY
2D,EMS-CTRL-016,Evidence integrity and retention,REPO-EMS,ems,APPLICABLE,EMS repository is the authoritative target for EMS/organization controls and its own engineering controls.,Engineering Management,POLICY_EMS_TARGET
2D,EMS-CTRL-017,Secure Coding Standard,REPO-001,bluto,APPLICABLE,General engineering/repository control applies to registered Wave 2D product repository.,Engineering Management,POLICY_DEFAULT_REPOSITORY
2D,EMS-CTRL-017,Secure Coding Standard,REPO-002,fiskroad,APPLICABLE,General engineering/repository control applies to registered Wave 2D product repository.,Engineering Management,POLICY_DEFAULT_REPOSITORY
2D,EMS-CTRL-017,Secure Coding Standard,REPO-003,hometown,APPLICABLE,General engineering/repository control applies to registered Wave 2D product repository.,Engineering Management,POLICY_DEFAULT_REPOSITORY
2D,EMS-CTRL-017,Secure Coding Standard,REPO-004,nono,APPLICABLE,General engineering/repository control applies to registered Wave 2D product repository.,Engineering Management,POLICY_DEFAULT_REPOSITORY
2D,EMS-CTRL-017,Secure Coding Standard,REPO-005,olive,APPLICABLE,General engineering/repository control applies to registered Wave 2D product repository.,Engineering Management,POLICY_DEFAULT_REPOSITORY
2D,EMS-CTRL-017,Secure Coding Standard,REPO-006,popeye,APPLICABLE,General engineering/repository control applies to registered Wave 2D product repository.,Engineering Management,POLICY_DEFAULT_REPOSITORY
2D,EMS-CTRL-017,Secure Coding Standard,REPO-EMS,ems,APPLICABLE,EMS repository is the authoritative target for EMS/organization controls and its own engineering controls.,Engineering Management,POLICY_EMS_TARGET
2D,EMS-CTRL-018,Secret Scanning,REPO-001,bluto,APPLICABLE,General engineering/repository control applies to registered Wave 2D product repository.,Engineering Management,POLICY_DEFAULT_REPOSITORY
2D,EMS-CTRL-018,Secret Scanning,REPO-002,fiskroad,APPLICABLE,General engineering/repository control applies to registered Wave 2D product repository.,Engineering Management,POLICY_DEFAULT_REPOSITORY
2D,EMS-CTRL-018,Secret Scanning,REPO-003,hometown,APPLICABLE,General engineering/repository control applies to registered Wave 2D product repository.,Engineering Management,POLICY_DEFAULT_REPOSITORY
2D,EMS-CTRL-018,Secret Scanning,REPO-004,nono,APPLICABLE,General engineering/repository control applies to registered Wave 2D product repository.,Engineering Management,POLICY_DEFAULT_REPOSITORY
2D,EMS-CTRL-018,Secret Scanning,REPO-005,olive,APPLICABLE,General engineering/repository control applies to registered Wave 2D product repository.,Engineering Management,POLICY_DEFAULT_REPOSITORY
2D,EMS-CTRL-018,Secret Scanning,REPO-006,popeye,APPLICABLE,General engineering/repository control applies to registered Wave 2D product repository.,Engineering Management,POLICY_DEFAULT_REPOSITORY
2D,EMS-CTRL-018,Secret Scanning,REPO-EMS,ems,APPLICABLE,EMS repository is the authoritative target for EMS/organization controls and its own engineering controls.,Engineering Management,POLICY_EMS_TARGET
2D,EMS-CTRL-019,Dependency Vulnerability Scanning,REPO-001,bluto,APPLICABLE,General engineering/repository control applies to registered Wave 2D product repository.,Engineering Management,POLICY_DEFAULT_REPOSITORY
2D,EMS-CTRL-019,Dependency Vulnerability Scanning,REPO-002,fiskroad,APPLICABLE,General engineering/repository control applies to registered Wave 2D product repository.,Engineering Management,POLICY_DEFAULT_REPOSITORY
2D,EMS-CTRL-019,Dependency Vulnerability Scanning,REPO-003,hometown,APPLICABLE,General engineering/repository control applies to registered Wave 2D product repository.,Engineering Management,POLICY_DEFAULT_REPOSITORY
2D,EMS-CTRL-019,Dependency Vulnerability Scanning,REPO-004,nono,APPLICABLE,General engineering/repository control applies to registered Wave 2D product repository.,Engineering Management,POLICY_DEFAULT_REPOSITORY
2D,EMS-CTRL-019,Dependency Vulnerability Scanning,REPO-005,olive,APPLICABLE,General engineering/repository control applies to registered Wave 2D product repository.,Engineering Management,POLICY_DEFAULT_REPOSITORY
2D,EMS-CTRL-019,Dependency Vulnerability Scanning,REPO-006,popeye,APPLICABLE,General engineering/repository control applies to registered Wave 2D product repository.,Engineering Management,POLICY_DEFAULT_REPOSITORY
2D,EMS-CTRL-019,Dependency Vulnerability Scanning,REPO-EMS,ems,APPLICABLE,EMS repository is the authoritative target for EMS/organization controls and its own engineering controls.,Engineering Management,POLICY_EMS_TARGET
2D,EMS-CTRL-020,License Compliance,REPO-001,bluto,APPLICABLE,General engineering/repository control applies to registered Wave 2D product repository.,Engineering Management,POLICY_DEFAULT_REPOSITORY
2D,EMS-CTRL-020,License Compliance,REPO-002,fiskroad,APPLICABLE,General engineering/repository control applies to registered Wave 2D product repository.,Engineering Management,POLICY_DEFAULT_REPOSITORY
2D,EMS-CTRL-020,License Compliance,REPO-003,hometown,APPLICABLE,General engineering/repository control applies to registered Wave 2D product repository.,Engineering Management,POLICY_DEFAULT_REPOSITORY
2D,EMS-CTRL-020,License Compliance,REPO-004,nono,APPLICABLE,General engineering/repository control applies to registered Wave 2D product repository.,Engineering Management,POLICY_DEFAULT_REPOSITORY
2D,EMS-CTRL-020,License Compliance,REPO-005,olive,APPLICABLE,General engineering/repository control applies to registered Wave 2D product repository.,Engineering Management,POLICY_DEFAULT_REPOSITORY
2D,EMS-CTRL-020,License Compliance,REPO-006,popeye,APPLICABLE,General engineering/repository control applies to registered Wave 2D product repository.,Engineering Management,POLICY_DEFAULT_REPOSITORY
2D,EMS-CTRL-020,License Compliance,REPO-EMS,ems,APPLICABLE,EMS repository is the authoritative target for EMS/organization controls and its own engineering controls.,Engineering Management,POLICY_EMS_TARGET
2D,EMS-CTRL-021,SBOM Generation,REPO-001,bluto,APPLICABLE,General engineering/repository control applies to registered Wave 2D product repository.,Engineering Management,POLICY_DEFAULT_REPOSITORY
2D,EMS-CTRL-021,SBOM Generation,REPO-002,fiskroad,APPLICABLE,General engineering/repository control applies to registered Wave 2D product repository.,Engineering Management,POLICY_DEFAULT_REPOSITORY
2D,EMS-CTRL-021,SBOM Generation,REPO-003,hometown,APPLICABLE,General engineering/repository control applies to registered Wave 2D product repository.,Engineering Management,POLICY_DEFAULT_REPOSITORY
2D,EMS-CTRL-021,SBOM Generation,REPO-004,nono,APPLICABLE,General engineering/repository control applies to registered Wave 2D product repository.,Engineering Management,POLICY_DEFAULT_REPOSITORY
2D,EMS-CTRL-021,SBOM Generation,REPO-005,olive,APPLICABLE,General engineering/repository control applies to registered Wave 2D product repository.,Engineering Management,POLICY_DEFAULT_REPOSITORY
2D,EMS-CTRL-021,SBOM Generation,REPO-006,popeye,APPLICABLE,General engineering/repository control applies to registered Wave 2D product repository.,Engineering Management,POLICY_DEFAULT_REPOSITORY
2D,EMS-CTRL-021,SBOM Generation,REPO-EMS,ems,APPLICABLE,EMS repository is the authoritative target for EMS/organization controls and its own engineering controls.,Engineering Management,POLICY_EMS_TARGET
2D,EMS-CTRL-022,Security Advisory Monitoring,REPO-001,bluto,APPLICABLE,General engineering/repository control applies to registered Wave 2D product repository.,Engineering Management,POLICY_DEFAULT_REPOSITORY
2D,EMS-CTRL-022,Security Advisory Monitoring,REPO-002,fiskroad,APPLICABLE,General engineering/repository control applies to registered Wave 2D product repository.,Engineering Management,POLICY_DEFAULT_REPOSITORY
2D,EMS-CTRL-022,Security Advisory Monitoring,REPO-003,hometown,APPLICABLE,General engineering/repository control applies to registered Wave 2D product repository.,Engineering Management,POLICY_DEFAULT_REPOSITORY
2D,EMS-CTRL-022,Security Advisory Monitoring,REPO-004,nono,APPLICABLE,General engineering/repository control applies to registered Wave 2D product repository.,Engineering Management,POLICY_DEFAULT_REPOSITORY
2D,EMS-CTRL-022,Security Advisory Monitoring,REPO-005,olive,APPLICABLE,General engineering/repository control applies to registered Wave 2D product repository.,Engineering Management,POLICY_DEFAULT_REPOSITORY
2D,EMS-CTRL-022,Security Advisory Monitoring,REPO-006,popeye,APPLICABLE,General engineering/repository control applies to registered Wave 2D product repository.,Engineering Management,POLICY_DEFAULT_REPOSITORY
2D,EMS-CTRL-022,Security Advisory Monitoring,REPO-EMS,ems,APPLICABLE,EMS repository is the authoritative target for EMS/organization controls and its own engineering controls.,Engineering Management,POLICY_EMS_TARGET
2D,EMS-CTRL-023,Vulnerability Remediation Targets,REPO-001,bluto,APPLICABLE,General engineering/repository control applies to registered Wave 2D product repository.,Engineering Management,POLICY_DEFAULT_REPOSITORY
2D,EMS-CTRL-023,Vulnerability Remediation Targets,REPO-002,fiskroad,APPLICABLE,General engineering/repository control applies to registered Wave 2D product repository.,Engineering Management,POLICY_DEFAULT_REPOSITORY
2D,EMS-CTRL-023,Vulnerability Remediation Targets,REPO-003,hometown,APPLICABLE,General engineering/repository control applies to registered Wave 2D product repository.,Engineering Management,POLICY_DEFAULT_REPOSITORY
2D,EMS-CTRL-023,Vulnerability Remediation Targets,REPO-004,nono,APPLICABLE,General engineering/repository control applies to registered Wave 2D product repository.,Engineering Management,POLICY_DEFAULT_REPOSITORY
2D,EMS-CTRL-023,Vulnerability Remediation Targets,REPO-005,olive,APPLICABLE,General engineering/repository control applies to registered Wave 2D product repository.,Engineering Management,POLICY_DEFAULT_REPOSITORY
2D,EMS-CTRL-023,Vulnerability Remediation Targets,REPO-006,popeye,APPLICABLE,General engineering/repository control applies to registered Wave 2D product repository.,Engineering Management,POLICY_DEFAULT_REPOSITORY
2D,EMS-CTRL-023,Vulnerability Remediation Targets,REPO-EMS,ems,APPLICABLE,EMS repository is the authoritative target for EMS/organization controls and its own engineering controls.,Engineering Management,POLICY_EMS_TARGET
2D,EMS-CTRL-024,Security Exception Approval,REPO-001,bluto,APPLICABLE,General engineering/repository control applies to registered Wave 2D product repository.,Engineering Management,POLICY_DEFAULT_REPOSITORY
2D,EMS-CTRL-024,Security Exception Approval,REPO-002,fiskroad,APPLICABLE,General engineering/repository control applies to registered Wave 2D product repository.,Engineering Management,POLICY_DEFAULT_REPOSITORY
2D,EMS-CTRL-024,Security Exception Approval,REPO-003,hometown,APPLICABLE,General engineering/repository control applies to registered Wave 2D product repository.,Engineering Management,POLICY_DEFAULT_REPOSITORY
2D,EMS-CTRL-024,Security Exception Approval,REPO-004,nono,APPLICABLE,General engineering/repository control applies to registered Wave 2D product repository.,Engineering Management,POLICY_DEFAULT_REPOSITORY
2D,EMS-CTRL-024,Security Exception Approval,REPO-005,olive,APPLICABLE,General engineering/repository control applies to registered Wave 2D product repository.,Engineering Management,POLICY_DEFAULT_REPOSITORY
2D,EMS-CTRL-024,Security Exception Approval,REPO-006,popeye,APPLICABLE,General engineering/repository control applies to registered Wave 2D product repository.,Engineering Management,POLICY_DEFAULT_REPOSITORY
2D,EMS-CTRL-024,Security Exception Approval,REPO-EMS,ems,APPLICABLE,EMS repository is the authoritative target for EMS/organization controls and its own engineering controls.,Engineering Management,POLICY_EMS_TARGET
2D,EMS-CTRL-025,Unit Test Minimum,REPO-001,bluto,APPLICABLE,General engineering/repository control applies to registered Wave 2D product repository.,Engineering Management,POLICY_DEFAULT_REPOSITORY
2D,EMS-CTRL-025,Unit Test Minimum,REPO-002,fiskroad,APPLICABLE,General engineering/repository control applies to registered Wave 2D product repository.,Engineering Management,POLICY_DEFAULT_REPOSITORY
2D,EMS-CTRL-025,Unit Test Minimum,REPO-003,hometown,APPLICABLE,General engineering/repository control applies to registered Wave 2D product repository.,Engineering Management,POLICY_DEFAULT_REPOSITORY
2D,EMS-CTRL-025,Unit Test Minimum,REPO-004,nono,APPLICABLE,General engineering/repository control applies to registered Wave 2D product repository.,Engineering Management,POLICY_DEFAULT_REPOSITORY
2D,EMS-CTRL-025,Unit Test Minimum,REPO-005,olive,APPLICABLE,General engineering/repository control applies to registered Wave 2D product repository.,Engineering Management,POLICY_DEFAULT_REPOSITORY
2D,EMS-CTRL-025,Unit Test Minimum,REPO-006,popeye,APPLICABLE,General engineering/repository control applies to registered Wave 2D product repository.,Engineering Management,POLICY_DEFAULT_REPOSITORY
2D,EMS-CTRL-025,Unit Test Minimum,REPO-EMS,ems,APPLICABLE,EMS repository is the authoritative target for EMS/organization controls and its own engineering controls.,Engineering Management,POLICY_EMS_TARGET
2D,EMS-CTRL-026,Integration Testing,REPO-001,bluto,APPLICABLE,General engineering/repository control applies to registered Wave 2D product repository.,Engineering Management,POLICY_DEFAULT_REPOSITORY
2D,EMS-CTRL-026,Integration Testing,REPO-002,fiskroad,APPLICABLE,General engineering/repository control applies to registered Wave 2D product repository.,Engineering Management,POLICY_DEFAULT_REPOSITORY
2D,EMS-CTRL-026,Integration Testing,REPO-003,hometown,APPLICABLE,General engineering/repository control applies to registered Wave 2D product repository.,Engineering Management,POLICY_DEFAULT_REPOSITORY
2D,EMS-CTRL-026,Integration Testing,REPO-004,nono,APPLICABLE,General engineering/repository control applies to registered Wave 2D product repository.,Engineering Management,POLICY_DEFAULT_REPOSITORY
2D,EMS-CTRL-026,Integration Testing,REPO-005,olive,APPLICABLE,General engineering/repository control applies to registered Wave 2D product repository.,Engineering Management,POLICY_DEFAULT_REPOSITORY
2D,EMS-CTRL-026,Integration Testing,REPO-006,popeye,APPLICABLE,General engineering/repository control applies to registered Wave 2D product repository.,Engineering Management,POLICY_DEFAULT_REPOSITORY
2D,EMS-CTRL-026,Integration Testing,REPO-EMS,ems,APPLICABLE,EMS repository is the authoritative target for EMS/organization controls and its own engineering controls.,Engineering Management,POLICY_EMS_TARGET
2D,EMS-CTRL-027,Regression Testing,REPO-001,bluto,APPLICABLE,General engineering/repository control applies to registered Wave 2D product repository.,Engineering Management,POLICY_DEFAULT_REPOSITORY
2D,EMS-CTRL-027,Regression Testing,REPO-002,fiskroad,APPLICABLE,General engineering/repository control applies to registered Wave 2D product repository.,Engineering Management,POLICY_DEFAULT_REPOSITORY
2D,EMS-CTRL-027,Regression Testing,REPO-003,hometown,APPLICABLE,General engineering/repository control applies to registered Wave 2D product repository.,Engineering Management,POLICY_DEFAULT_REPOSITORY
2D,EMS-CTRL-027,Regression Testing,REPO-004,nono,APPLICABLE,General engineering/repository control applies to registered Wave 2D product repository.,Engineering Management,POLICY_DEFAULT_REPOSITORY
2D,EMS-CTRL-027,Regression Testing,REPO-005,olive,APPLICABLE,General engineering/repository control applies to registered Wave 2D product repository.,Engineering Management,POLICY_DEFAULT_REPOSITORY
2D,EMS-CTRL-027,Regression Testing,REPO-006,popeye,APPLICABLE,General engineering/repository control applies to registered Wave 2D product repository.,Engineering Management,POLICY_DEFAULT_REPOSITORY
2D,EMS-CTRL-027,Regression Testing,REPO-EMS,ems,APPLICABLE,EMS repository is the authoritative target for EMS/organization controls and its own engineering controls.,Engineering Management,POLICY_EMS_TARGET
2D,EMS-CTRL-028,Contract/API Testing,REPO-001,bluto,APPLICABLE,General engineering/repository control applies to registered Wave 2D product repository.,Engineering Management,POLICY_DEFAULT_REPOSITORY
2D,EMS-CTRL-028,Contract/API Testing,REPO-002,fiskroad,APPLICABLE,General engineering/repository control applies to registered Wave 2D product repository.,Engineering Management,POLICY_DEFAULT_REPOSITORY
2D,EMS-CTRL-028,Contract/API Testing,REPO-003,hometown,APPLICABLE,General engineering/repository control applies to registered Wave 2D product repository.,Engineering Management,POLICY_DEFAULT_REPOSITORY
2D,EMS-CTRL-028,Contract/API Testing,REPO-004,nono,APPLICABLE,General engineering/repository control applies to registered Wave 2D product repository.,Engineering Management,POLICY_DEFAULT_REPOSITORY
2D,EMS-CTRL-028,Contract/API Testing,REPO-005,olive,APPLICABLE,General engineering/repository control applies to registered Wave 2D product repository.,Engineering Management,POLICY_DEFAULT_REPOSITORY
2D,EMS-CTRL-028,Contract/API Testing,REPO-006,popeye,APPLICABLE,General engineering/repository control applies to registered Wave 2D product repository.,Engineering Management,POLICY_DEFAULT_REPOSITORY
2D,EMS-CTRL-028,Contract/API Testing,REPO-EMS,ems,APPLICABLE,EMS repository is the authoritative target for EMS/organization controls and its own engineering controls.,Engineering Management,POLICY_EMS_TARGET
2D,EMS-CTRL-029,Performance Testing,REPO-001,bluto,NOT_APPLICABLE,Service/production control is not applicable because repository is classified non-production.,Engineering Management,POLICY_NON_PRODUCTION
2D,EMS-CTRL-029,Performance Testing,REPO-002,fiskroad,NOT_APPLICABLE,Service/production control is not applicable because repository is classified non-production.,Engineering Management,POLICY_NON_PRODUCTION
2D,EMS-CTRL-029,Performance Testing,REPO-003,hometown,APPLICABLE,Service/production control applies because repository is classified as production.,Engineering Management,POLICY_PRODUCTION
2D,EMS-CTRL-029,Performance Testing,REPO-004,nono,NOT_APPLICABLE,Service/production control is not applicable because repository is classified non-production.,Engineering Management,POLICY_NON_PRODUCTION
2D,EMS-CTRL-029,Performance Testing,REPO-005,olive,APPLICABLE,Service/production control applies because repository is classified as production.,Engineering Management,POLICY_PRODUCTION
2D,EMS-CTRL-029,Performance Testing,REPO-006,popeye,APPLICABLE,Service/production control applies because repository is classified as production.,Engineering Management,POLICY_PRODUCTION
2D,EMS-CTRL-029,Performance Testing,REPO-EMS,ems,APPLICABLE,EMS repository is the authoritative target for EMS/organization controls and its own engineering controls.,Engineering Management,POLICY_EMS_TARGET
2D,EMS-CTRL-030,Disaster Recovery Testing,REPO-001,bluto,NOT_APPLICABLE,Service/production control is not applicable because repository is classified non-production.,Engineering Management,POLICY_NON_PRODUCTION
2D,EMS-CTRL-030,Disaster Recovery Testing,REPO-002,fiskroad,NOT_APPLICABLE,Service/production control is not applicable because repository is classified non-production.,Engineering Management,POLICY_NON_PRODUCTION
2D,EMS-CTRL-030,Disaster Recovery Testing,REPO-003,hometown,APPLICABLE,Service/production control applies because repository is classified as production.,Engineering Management,POLICY_PRODUCTION
2D,EMS-CTRL-030,Disaster Recovery Testing,REPO-004,nono,NOT_APPLICABLE,Service/production control is not applicable because repository is classified non-production.,Engineering Management,POLICY_NON_PRODUCTION
2D,EMS-CTRL-030,Disaster Recovery Testing,REPO-005,olive,APPLICABLE,Service/production control applies because repository is classified as production.,Engineering Management,POLICY_PRODUCTION
2D,EMS-CTRL-030,Disaster Recovery Testing,REPO-006,popeye,APPLICABLE,Service/production control applies because repository is classified as production.,Engineering Management,POLICY_PRODUCTION
2D,EMS-CTRL-030,Disaster Recovery Testing,REPO-EMS,ems,APPLICABLE,EMS repository is the authoritative target for EMS/organization controls and its own engineering controls.,Engineering Management,POLICY_EMS_TARGET
2D,EMS-CTRL-031,Test Evidence Retention,REPO-001,bluto,APPLICABLE,General engineering/repository control applies to registered Wave 2D product repository.,Engineering Management,POLICY_DEFAULT_REPOSITORY
2D,EMS-CTRL-031,Test Evidence Retention,REPO-002,fiskroad,APPLICABLE,General engineering/repository control applies to registered Wave 2D product repository.,Engineering Management,POLICY_DEFAULT_REPOSITORY
2D,EMS-CTRL-031,Test Evidence Retention,REPO-003,hometown,APPLICABLE,General engineering/repository control applies to registered Wave 2D product repository.,Engineering Management,POLICY_DEFAULT_REPOSITORY
2D,EMS-CTRL-031,Test Evidence Retention,REPO-004,nono,APPLICABLE,General engineering/repository control applies to registered Wave 2D product repository.,Engineering Management,POLICY_DEFAULT_REPOSITORY
2D,EMS-CTRL-031,Test Evidence Retention,REPO-005,olive,APPLICABLE,General engineering/repository control applies to registered Wave 2D product repository.,Engineering Management,POLICY_DEFAULT_REPOSITORY
2D,EMS-CTRL-031,Test Evidence Retention,REPO-006,popeye,APPLICABLE,General engineering/repository control applies to registered Wave 2D product repository.,Engineering Management,POLICY_DEFAULT_REPOSITORY
2D,EMS-CTRL-031,Test Evidence Retention,REPO-EMS,ems,APPLICABLE,EMS repository is the authoritative target for EMS/organization controls and its own engineering controls.,Engineering Management,POLICY_EMS_TARGET
2D,EMS-CTRL-032,Test Environment Isolation,REPO-001,bluto,APPLICABLE,General engineering/repository control applies to registered Wave 2D product repository.,Engineering Management,POLICY_DEFAULT_REPOSITORY
2D,EMS-CTRL-032,Test Environment Isolation,REPO-002,fiskroad,APPLICABLE,General engineering/repository control applies to registered Wave 2D product repository.,Engineering Management,POLICY_DEFAULT_REPOSITORY
2D,EMS-CTRL-032,Test Environment Isolation,REPO-003,hometown,APPLICABLE,General engineering/repository control applies to registered Wave 2D product repository.,Engineering Management,POLICY_DEFAULT_REPOSITORY
2D,EMS-CTRL-032,Test Environment Isolation,REPO-004,nono,APPLICABLE,General engineering/repository control applies to registered Wave 2D product repository.,Engineering Management,POLICY_DEFAULT_REPOSITORY
2D,EMS-CTRL-032,Test Environment Isolation,REPO-005,olive,APPLICABLE,General engineering/repository control applies to registered Wave 2D product repository.,Engineering Management,POLICY_DEFAULT_REPOSITORY
2D,EMS-CTRL-032,Test Environment Isolation,REPO-006,popeye,APPLICABLE,General engineering/repository control applies to registered Wave 2D product repository.,Engineering Management,POLICY_DEFAULT_REPOSITORY
2D,EMS-CTRL-032,Test Environment Isolation,REPO-EMS,ems,APPLICABLE,EMS repository is the authoritative target for EMS/organization controls and its own engineering controls.,Engineering Management,POLICY_EMS_TARGET
2D,EMS-CTRL-033,Reproducible Builds,REPO-001,bluto,APPLICABLE,General engineering/repository control applies to registered Wave 2D product repository.,Engineering Management,POLICY_DEFAULT_REPOSITORY
2D,EMS-CTRL-033,Reproducible Builds,REPO-002,fiskroad,APPLICABLE,General engineering/repository control applies to registered Wave 2D product repository.,Engineering Management,POLICY_DEFAULT_REPOSITORY
2D,EMS-CTRL-033,Reproducible Builds,REPO-003,hometown,APPLICABLE,General engineering/repository control applies to registered Wave 2D product repository.,Engineering Management,POLICY_DEFAULT_REPOSITORY
2D,EMS-CTRL-033,Reproducible Builds,REPO-004,nono,APPLICABLE,General engineering/repository control applies to registered Wave 2D product repository.,Engineering Management,POLICY_DEFAULT_REPOSITORY
2D,EMS-CTRL-033,Reproducible Builds,REPO-005,olive,APPLICABLE,General engineering/repository control applies to registered Wave 2D product repository.,Engineering Management,POLICY_DEFAULT_REPOSITORY
2D,EMS-CTRL-033,Reproducible Builds,REPO-006,popeye,APPLICABLE,General engineering/repository control applies to registered Wave 2D product repository.,Engineering Management,POLICY_DEFAULT_REPOSITORY
2D,EMS-CTRL-033,Reproducible Builds,REPO-EMS,ems,APPLICABLE,EMS repository is the authoritative target for EMS/organization controls and its own engineering controls.,Engineering Management,POLICY_EMS_TARGET
2D,EMS-CTRL-034,Release Manifest Generation,REPO-001,bluto,APPLICABLE,General engineering/repository control applies to registered Wave 2D product repository.,Engineering Management,POLICY_DEFAULT_REPOSITORY
2D,EMS-CTRL-034,Release Manifest Generation,REPO-002,fiskroad,APPLICABLE,General engineering/repository control applies to registered Wave 2D product repository.,Engineering Management,POLICY_DEFAULT_REPOSITORY
2D,EMS-CTRL-034,Release Manifest Generation,REPO-003,hometown,APPLICABLE,General engineering/repository control applies to registered Wave 2D product repository.,Engineering Management,POLICY_DEFAULT_REPOSITORY
2D,EMS-CTRL-034,Release Manifest Generation,REPO-004,nono,APPLICABLE,General engineering/repository control applies to registered Wave 2D product repository.,Engineering Management,POLICY_DEFAULT_REPOSITORY
2D,EMS-CTRL-034,Release Manifest Generation,REPO-005,olive,APPLICABLE,General engineering/repository control applies to registered Wave 2D product repository.,Engineering Management,POLICY_DEFAULT_REPOSITORY
2D,EMS-CTRL-034,Release Manifest Generation,REPO-006,popeye,APPLICABLE,General engineering/repository control applies to registered Wave 2D product repository.,Engineering Management,POLICY_DEFAULT_REPOSITORY
2D,EMS-CTRL-034,Release Manifest Generation,REPO-EMS,ems,APPLICABLE,EMS repository is the authoritative target for EMS/organization controls and its own engineering controls.,Engineering Management,POLICY_EMS_TARGET
2D,EMS-CTRL-035,SHA-256 Integrity Verification,REPO-001,bluto,APPLICABLE,General engineering/repository control applies to registered Wave 2D product repository.,Engineering Management,POLICY_DEFAULT_REPOSITORY
2D,EMS-CTRL-035,SHA-256 Integrity Verification,REPO-002,fiskroad,APPLICABLE,General engineering/repository control applies to registered Wave 2D product repository.,Engineering Management,POLICY_DEFAULT_REPOSITORY
2D,EMS-CTRL-035,SHA-256 Integrity Verification,REPO-003,hometown,APPLICABLE,General engineering/repository control applies to registered Wave 2D product repository.,Engineering Management,POLICY_DEFAULT_REPOSITORY
2D,EMS-CTRL-035,SHA-256 Integrity Verification,REPO-004,nono,APPLICABLE,General engineering/repository control applies to registered Wave 2D product repository.,Engineering Management,POLICY_DEFAULT_REPOSITORY
2D,EMS-CTRL-035,SHA-256 Integrity Verification,REPO-005,olive,APPLICABLE,General engineering/repository control applies to registered Wave 2D product repository.,Engineering Management,POLICY_DEFAULT_REPOSITORY
2D,EMS-CTRL-035,SHA-256 Integrity Verification,REPO-006,popeye,APPLICABLE,General engineering/repository control applies to registered Wave 2D product repository.,Engineering Management,POLICY_DEFAULT_REPOSITORY
2D,EMS-CTRL-035,SHA-256 Integrity Verification,REPO-EMS,ems,APPLICABLE,EMS repository is the authoritative target for EMS/organization controls and its own engineering controls.,Engineering Management,POLICY_EMS_TARGET
2D,EMS-CTRL-036,Release Signing,REPO-001,bluto,APPLICABLE,General engineering/repository control applies to registered Wave 2D product repository.,Engineering Management,POLICY_DEFAULT_REPOSITORY
2D,EMS-CTRL-036,Release Signing,REPO-002,fiskroad,APPLICABLE,General engineering/repository control applies to registered Wave 2D product repository.,Engineering Management,POLICY_DEFAULT_REPOSITORY
2D,EMS-CTRL-036,Release Signing,REPO-003,hometown,APPLICABLE,General engineering/repository control applies to registered Wave 2D product repository.,Engineering Management,POLICY_DEFAULT_REPOSITORY
2D,EMS-CTRL-036,Release Signing,REPO-004,nono,APPLICABLE,General engineering/repository control applies to registered Wave 2D product repository.,Engineering Management,POLICY_DEFAULT_REPOSITORY
2D,EMS-CTRL-036,Release Signing,REPO-005,olive,APPLICABLE,General engineering/repository control applies to registered Wave 2D product repository.,Engineering Management,POLICY_DEFAULT_REPOSITORY
2D,EMS-CTRL-036,Release Signing,REPO-006,popeye,APPLICABLE,General engineering/repository control applies to registered Wave 2D product repository.,Engineering Management,POLICY_DEFAULT_REPOSITORY
2D,EMS-CTRL-036,Release Signing,REPO-EMS,ems,APPLICABLE,EMS repository is the authoritative target for EMS/organization controls and its own engineering controls.,Engineering Management,POLICY_EMS_TARGET
2D,EMS-CTRL-037,Build Artifact Retention,REPO-001,bluto,APPLICABLE,General engineering/repository control applies to registered Wave 2D product repository.,Engineering Management,POLICY_DEFAULT_REPOSITORY
2D,EMS-CTRL-037,Build Artifact Retention,REPO-002,fiskroad,APPLICABLE,General engineering/repository control applies to registered Wave 2D product repository.,Engineering Management,POLICY_DEFAULT_REPOSITORY
2D,EMS-CTRL-037,Build Artifact Retention,REPO-003,hometown,APPLICABLE,General engineering/repository control applies to registered Wave 2D product repository.,Engineering Management,POLICY_DEFAULT_REPOSITORY
2D,EMS-CTRL-037,Build Artifact Retention,REPO-004,nono,APPLICABLE,General engineering/repository control applies to registered Wave 2D product repository.,Engineering Management,POLICY_DEFAULT_REPOSITORY
2D,EMS-CTRL-037,Build Artifact Retention,REPO-005,olive,APPLICABLE,General engineering/repository control applies to registered Wave 2D product repository.,Engineering Management,POLICY_DEFAULT_REPOSITORY
2D,EMS-CTRL-037,Build Artifact Retention,REPO-006,popeye,APPLICABLE,General engineering/repository control applies to registered Wave 2D product repository.,Engineering Management,POLICY_DEFAULT_REPOSITORY
2D,EMS-CTRL-037,Build Artifact Retention,REPO-EMS,ems,APPLICABLE,EMS repository is the authoritative target for EMS/organization controls and its own engineering controls.,Engineering Management,POLICY_EMS_TARGET
2D,EMS-CTRL-038,Version Number Governance,REPO-001,bluto,APPLICABLE,General engineering/repository control applies to registered Wave 2D product repository.,Engineering Management,POLICY_DEFAULT_REPOSITORY
2D,EMS-CTRL-038,Version Number Governance,REPO-002,fiskroad,APPLICABLE,General engineering/repository control applies to registered Wave 2D product repository.,Engineering Management,POLICY_DEFAULT_REPOSITORY
2D,EMS-CTRL-038,Version Number Governance,REPO-003,hometown,APPLICABLE,General engineering/repository control applies to registered Wave 2D product repository.,Engineering Management,POLICY_DEFAULT_REPOSITORY
2D,EMS-CTRL-038,Version Number Governance,REPO-004,nono,APPLICABLE,General engineering/repository control applies to registered Wave 2D product repository.,Engineering Management,POLICY_DEFAULT_REPOSITORY
2D,EMS-CTRL-038,Version Number Governance,REPO-005,olive,APPLICABLE,General engineering/repository control applies to registered Wave 2D product repository.,Engineering Management,POLICY_DEFAULT_REPOSITORY
2D,EMS-CTRL-038,Version Number Governance,REPO-006,popeye,APPLICABLE,General engineering/repository control applies to registered Wave 2D product repository.,Engineering Management,POLICY_DEFAULT_REPOSITORY
2D,EMS-CTRL-038,Version Number Governance,REPO-EMS,ems,APPLICABLE,EMS repository is the authoritative target for EMS/organization controls and its own engineering controls.,Engineering Management,POLICY_EMS_TARGET
2D,EMS-CTRL-039,Release Approval Workflow,REPO-001,bluto,APPLICABLE,General engineering/repository control applies to registered Wave 2D product repository.,Engineering Management,POLICY_DEFAULT_REPOSITORY
2D,EMS-CTRL-039,Release Approval Workflow,REPO-002,fiskroad,APPLICABLE,General engineering/repository control applies to registered Wave 2D product repository.,Engineering Management,POLICY_DEFAULT_REPOSITORY
2D,EMS-CTRL-039,Release Approval Workflow,REPO-003,hometown,APPLICABLE,General engineering/repository control applies to registered Wave 2D product repository.,Engineering Management,POLICY_DEFAULT_REPOSITORY
2D,EMS-CTRL-039,Release Approval Workflow,REPO-004,nono,APPLICABLE,General engineering/repository control applies to registered Wave 2D product repository.,Engineering Management,POLICY_DEFAULT_REPOSITORY
2D,EMS-CTRL-039,Release Approval Workflow,REPO-005,olive,APPLICABLE,General engineering/repository control applies to registered Wave 2D product repository.,Engineering Management,POLICY_DEFAULT_REPOSITORY
2D,EMS-CTRL-039,Release Approval Workflow,REPO-006,popeye,APPLICABLE,General engineering/repository control applies to registered Wave 2D product repository.,Engineering Management,POLICY_DEFAULT_REPOSITORY
2D,EMS-CTRL-039,Release Approval Workflow,REPO-EMS,ems,APPLICABLE,EMS repository is the authoritative target for EMS/organization controls and its own engineering controls.,Engineering Management,POLICY_EMS_TARGET
2D,EMS-CTRL-040,Rollback Procedure,REPO-001,bluto,NOT_APPLICABLE,Service/production control is not applicable because repository is classified non-production.,Engineering Management,POLICY_NON_PRODUCTION
2D,EMS-CTRL-040,Rollback Procedure,REPO-002,fiskroad,NOT_APPLICABLE,Service/production control is not applicable because repository is classified non-production.,Engineering Management,POLICY_NON_PRODUCTION
2D,EMS-CTRL-040,Rollback Procedure,REPO-003,hometown,APPLICABLE,Service/production control applies because repository is classified as production.,Engineering Management,POLICY_PRODUCTION
2D,EMS-CTRL-040,Rollback Procedure,REPO-004,nono,NOT_APPLICABLE,Service/production control is not applicable because repository is classified non-production.,Engineering Management,POLICY_NON_PRODUCTION
2D,EMS-CTRL-040,Rollback Procedure,REPO-005,olive,APPLICABLE,Service/production control applies because repository is classified as production.,Engineering Management,POLICY_PRODUCTION
2D,EMS-CTRL-040,Rollback Procedure,REPO-006,popeye,APPLICABLE,Service/production control applies because repository is classified as production.,Engineering Management,POLICY_PRODUCTION
2D,EMS-CTRL-040,Rollback Procedure,REPO-EMS,ems,APPLICABLE,EMS repository is the authoritative target for EMS/organization controls and its own engineering controls.,Engineering Management,POLICY_EMS_TARGET
2D,EMS-CTRL-041,Infrastructure as Code Required,REPO-001,bluto,APPLICABLE,Repository content contains evidence relevant to this control: .github/workflows/wp002-ci.yml; docs/01-foundation-governance/adrs/ADR-0014-PROPOSED-INFRASTRUCTURE-AS-CODE.md; implementation/decisions/TECHNOLOGY-SELECTION-SUMMARY.md; implementation/plan/MASTER-IMPLEMENTATION-PLAN.md; implementation/plan/WORK-PACKAGE-INDEX.yaml,Engineering Management,HUMAN_REPOSITORY_EVIDENCE_REVIEW
2D,EMS-CTRL-041,Infrastructure as Code Required,REPO-002,fiskroad,APPLICABLE,Repository content contains evidence relevant to this control: README.md; STATE.md; docs/AGENT_COORDINATION.md; docs/COMMERCIAL_COMPONENTS_TIMING_v0.1.md; specs/COMMERCIAL_COMPONENTS_TIMING_v0.1.md,Engineering Management,HUMAN_REPOSITORY_EVIDENCE_REVIEW
2D,EMS-CTRL-041,Infrastructure as Code Required,REPO-003,hometown,APPLICABLE,Repository content contains evidence relevant to this control: specs/HOMETOWN_IMPLEMENTATION_REVIEW_v0.1.md; specs/NEXUS_CRM_INTEGRATION_NOTES_v0.1.md; specs/ROADMAP.md; specs/STATE.md; specs/attic/HOMETOWN_INFRA_TERRAFORM_SUPERSEDED_v0.1.md,Engineering Management,HUMAN_REPOSITORY_EVIDENCE_REVIEW
2D,EMS-CTRL-041,Infrastructure as Code Required,REPO-004,nono,APPLICABLE,Repository content contains evidence relevant to this control: .planning/REQUIREMENTS.md; proj/POC-zt-infra-e5-local-provisioner.md; .claude/worktrees/agent-a0e20603/crates/nono/src/trust/policy.rs; .claude/worktrees/agent-a0e20603/crates/nono-cli/data/policy.json; .claude/worktrees/agent-a58db889/crates/nono/src/trust/policy.rs,Engineering Management,HUMAN_REPOSITORY_EVIDENCE_REVIEW
2D,EMS-CTRL-041,Infrastructure as Code Required,REPO-005,olive,APPLICABLE,No repository-content evidence was detected; absence of evidence is not sufficient to conclude NOT_APPLICABLE.,Engineering Management,HUMAN_REPOSITORY_EVIDENCE_REVIEW
2D,EMS-CTRL-041,Infrastructure as Code Required,REPO-006,popeye,APPLICABLE,Repository content contains evidence relevant to this control: README.md; STATE.md; config/litellm.azure.example.yaml; scripts/intune-baseurl-profile.ps1; specs/ADR-002-gateway-config-delivery.md,Engineering Management,HUMAN_REPOSITORY_EVIDENCE_REVIEW
2D,EMS-CTRL-041,Infrastructure as Code Required,REPO-EMS,ems,APPLICABLE,EMS repository is the authoritative target for EMS/organization controls and its own engineering controls.,Engineering Management,POLICY_EMS_TARGET
2D,EMS-CTRL-042,IaC Security Scanning,REPO-001,bluto,APPLICABLE,Repository content contains evidence relevant to this control: implementation/README.md; .github/workflows/wp002-ci.yml; docs/01-foundation-governance/adrs/ADR-0011-PROPOSED-DEPENDENCY-VULNERABILITY-SCANNING.md; implementation/decisions/TECHNOLOGY-SELECTION-SUMMARY.md; implementation/plan/MASTER-IMPLEMENTATION-PLAN.md,Engineering Management,HUMAN_REPOSITORY_EVIDENCE_REVIEW
2D,EMS-CTRL-042,IaC Security Scanning,REPO-002,fiskroad,APPLICABLE,Repository content contains evidence relevant to this control: workspace/popeye/STATE.md; workspace/bluto/implementation/README.md; workspace/bluto/.github/workflows/wp002-ci.yml; workspace/bluto/docs/01-foundation-governance/adrs/ADR-0011-PROPOSED-DEPENDENCY-VULNERABILITY-SCANNING.md; workspace/bluto/implementation/decisions/TECHNOLOGY-SELECTION-SUMMARY.md,Engineering Management,HUMAN_REPOSITORY_EVIDENCE_REVIEW
2D,EMS-CTRL-042,IaC Security Scanning,REPO-003,hometown,APPLICABLE,No repository-content evidence was detected; absence of evidence is not sufficient to conclude NOT_APPLICABLE.,Engineering Management,HUMAN_REPOSITORY_EVIDENCE_REVIEW
2D,EMS-CTRL-042,IaC Security Scanning,REPO-004,nono,APPLICABLE,Repository content contains evidence relevant to this control: .planning/ROADMAP.md; scripts/verify-authenticode.ps1; .planning/phases/104-smoke-green-cut-the-trusted-signed-release/104-01-PLAN.md; .planning/phases/104-smoke-green-cut-the-trusted-signed-release/104-01-SUMMARY.md; .planning/phases/104-smoke-green-cut-the-trusted-signed-release/104-RESEARCH.md,Engineering Management,HUMAN_REPOSITORY_EVIDENCE_REVIEW
2D,EMS-CTRL-042,IaC Security Scanning,REPO-005,olive,APPLICABLE,No repository-content evidence was detected; absence of evidence is not sufficient to conclude NOT_APPLICABLE.,Engineering Management,HUMAN_REPOSITORY_EVIDENCE_REVIEW
2D,EMS-CTRL-042,IaC Security Scanning,REPO-006,popeye,APPLICABLE,Repository content contains evidence relevant to this control: STATE.md; specs/DATA_CLASS_ENFORCEMENT_IMPLEMENTATION_PROMPT_v0.1.md; specs/GATEWAY_INFRASTRUCTURE_PLAN_v0.1.md; specs/POPEYE_IMPLEMENTATION_REVIEW_REMEDIATION_PROMPT_v0.1.md; specs/POPEYE_IMPLEMENTATION_REVIEW_REMEDIATION_SPEC_v0.1.md,Engineering Management,HUMAN_REPOSITORY_EVIDENCE_REVIEW
2D,EMS-CTRL-042,IaC Security Scanning,REPO-EMS,ems,APPLICABLE,EMS repository is the authoritative target for EMS/organization controls and its own engineering controls.,Engineering Management,POLICY_EMS_TARGET
2D,EMS-CTRL-043,Least Privilege IAM,REPO-001,bluto,APPLICABLE,Repository content contains evidence relevant to this control: release-manifest.json; SHA256SUMS.txt; releases/BLUTO_ATE_AND_KEY_OWNERSHIP_v0.3.md; releases/BLUTO_IMPLEMENTATION_REVIEW_v0.1.md; 00-baseline/governance/REPOSITORY-GOVERNANCE-CHARTER.md,Engineering Management,HUMAN_REPOSITORY_EVIDENCE_REVIEW
2D,EMS-CTRL-043,Least Privilege IAM,REPO-002,fiskroad,APPLICABLE,Repository content contains evidence relevant to this control: .repos.yml; STATE.md; contracts/vocabulary.yaml; docs/ORIENTATION.md; specs/COMPONENT_GAP_ASSESSMENT_v0.1.md,Engineering Management,HUMAN_REPOSITORY_EVIDENCE_REVIEW
2D,EMS-CTRL-043,Least Privilege IAM,REPO-003,hometown,APPLICABLE,Repository content contains evidence relevant to this control: package.json; cube/README.md; scripts/verify-retrieval-policy.mjs; specs/ANSWER_TRACE_ENVELOPE_v0.1.md; specs/EKG_DESIGN_REQUIREMENTS_v0.1.md,Engineering Management,HUMAN_REPOSITORY_EVIDENCE_REVIEW
2D,EMS-CTRL-043,Least Privilege IAM,REPO-004,nono,APPLICABLE,Repository content contains evidence relevant to this control: AGENTS.md; Cargo.toml; CHANGELOG.md; CLAUDE.md; README.md,Engineering Management,HUMAN_REPOSITORY_EVIDENCE_REVIEW
2D,EMS-CTRL-043,Least Privilege IAM,REPO-005,olive,APPLICABLE,Repository content contains evidence relevant to this control: catalog/crm.case_note@1.yaml; specs/OLIVE_CHARTER_v0.4.md; contracts/examples/action-type.valid.json; contracts/schemas/proposal.schema.json; contracts/vendored/vocabulary.yaml,Engineering Management,HUMAN_REPOSITORY_EVIDENCE_REVIEW
2D,EMS-CTRL-043,Least Privilege IAM,REPO-006,popeye,APPLICABLE,Repository content contains evidence relevant to this control: STATE.md; config/litellm.azure.example.yaml; config/model-approval-registry.example.yaml; scripts/intune-baseurl-profile.ps1; scripts/provision-desktop-keys.ps1,Engineering Management,HUMAN_REPOSITORY_EVIDENCE_REVIEW
2D,EMS-CTRL-043,Least Privilege IAM,REPO-EMS,ems,APPLICABLE,EMS repository is the authoritative target for EMS/organization controls and its own engineering controls.,Engineering Management,POLICY_EMS_TARGET
2D,EMS-CTRL-044,Secrets Management,REPO-001,bluto,APPLICABLE,Repository content contains evidence relevant to this control: release-manifest.json; SHA256SUMS.txt; releases/BLUTO_ATE_AND_KEY_OWNERSHIP_v0.3.md; releases/BLUTO_IMPLEMENTATION_REVIEW_v0.1.md; .github/workflows/wp002-ci.yml,Engineering Management,HUMAN_REPOSITORY_EVIDENCE_REVIEW
2D,EMS-CTRL-044,Secrets Management,REPO-002,fiskroad,APPLICABLE,Repository content contains evidence relevant to this control: README.md; STATE.md; docs/AGENT_COORDINATION.md; docs/COMMERCIAL_COMPONENTS_TIMING_v0.1.md; specs/COMMERCIAL_COMPONENTS_TIMING_v0.1.md,Engineering Management,HUMAN_REPOSITORY_EVIDENCE_REVIEW
2D,EMS-CTRL-044,Secrets Management,REPO-003,hometown,APPLICABLE,Repository content contains evidence relevant to this control: cube/docker-compose.intrepid-sandbox.yml; cube/docker-compose.intrepid-smoke.yml; cube/docker-compose.yml; cube/README.md; specs/ANSWER_TRACE_ENVELOPE_v0.1.md,Engineering Management,HUMAN_REPOSITORY_EVIDENCE_REVIEW
2D,EMS-CTRL-044,Secrets Management,REPO-004,nono,APPLICABLE,Repository content contains evidence relevant to this control: AGENTS.md; Cargo.toml; CHANGELOG.md; CLAUDE.md; Cross.toml,Engineering Management,HUMAN_REPOSITORY_EVIDENCE_REVIEW
2D,EMS-CTRL-044,Secrets Management,REPO-005,olive,APPLICABLE,Repository content contains evidence relevant to this control: AGENTS.md; docs/STATUS.md; specs/OLIVE_CHARTER_v0.4.md; src/Olive/Domain.cs,Engineering Management,HUMAN_REPOSITORY_EVIDENCE_REVIEW
2D,EMS-CTRL-044,Secrets Management,REPO-006,popeye,APPLICABLE,Repository content contains evidence relevant to this control: README.md; STATE.md; config/litellm.azure.example.yaml; config/model-approval-registry.example.yaml; scripts/provision-desktop-keys.ps1,Engineering Management,HUMAN_REPOSITORY_EVIDENCE_REVIEW
2D,EMS-CTRL-044,Secrets Management,REPO-EMS,ems,APPLICABLE,EMS repository is the authoritative target for EMS/organization controls and its own engineering controls.,Engineering Management,POLICY_EMS_TARGET
2D,EMS-CTRL-045,Cloud Resource Tagging,REPO-001,bluto,APPLICABLE,Repository content contains evidence relevant to this control: releases/BLUTO_IMPLEMENTATION_REVIEW_v0.1.md; docs/04-contracts/EVENT-CONTRACTS.md; docs/06-engineering-standards/LOGGING-OBSERVABILITY.md; docs/06-engineering-standards/REPOSITORY-STANDARDS.md; docs/04-contracts/schemas/bluto-v1.openapi.yaml,Engineering Management,HUMAN_REPOSITORY_EVIDENCE_REVIEW
2D,EMS-CTRL-045,Cloud Resource Tagging,REPO-002,fiskroad,APPLICABLE,Repository content contains evidence relevant to this control: contracts/vocabulary.yaml; docs/AGENT_COORDINATION.md; specs/ECOSYSTEM_PORTFOLIO_AND_GAP_ANALYSIS_v0.1.md; specs/FISKROAD_ARCHITECTURE_EVALUATION_v0.1.md; specs/GLOSSARY.md,Engineering Management,HUMAN_REPOSITORY_EVIDENCE_REVIEW
2D,EMS-CTRL-045,Cloud Resource Tagging,REPO-003,hometown,APPLICABLE,Repository content contains evidence relevant to this control: specs/ANSWER_TRACE_ENVELOPE_v0.1.md; specs/EVAL_HARNESS_MINIMAL_v0.1.md; specs/HOMETOWN_CORRECTIONS_ATE_v0.3.md; specs/HOMETOWN_IMPLEMENTATION_REVIEW_v0.1.md; specs/IMPLEMENTATION_ROADMAP_NEW_REQUIREMENTS_20260801.md,Engineering Management,HUMAN_REPOSITORY_EVIDENCE_REVIEW
2D,EMS-CTRL-045,Cloud Resource Tagging,REPO-004,nono,APPLICABLE,Repository content contains evidence relevant to this control: CHANGELOG.md; CLAUDE.md; .claude/settings.local.json; .gsd/CODEBASE.md; .gsd/DECISIONS.md,Engineering Management,HUMAN_REPOSITORY_EVIDENCE_REVIEW
2D,EMS-CTRL-045,Cloud Resource Tagging,REPO-005,olive,APPLICABLE,Repository content contains evidence relevant to this control: contracts/vendored/vocabulary.yaml,Engineering Management,HUMAN_REPOSITORY_EVIDENCE_REVIEW
2D,EMS-CTRL-045,Cloud Resource Tagging,REPO-006,popeye,APPLICABLE,Repository content contains evidence relevant to this control: scripts/Get-ModelAllowlist.ps1; specs/AI_USAGE_GOVERNANCE_ROADMAP_v0.2.md; specs/DATA_CLASS_ENFORCEMENT_v0.1.md; specs/GATEWAY_INFRASTRUCTURE_PLAN_v0.1.md; specs/POPEYE_IMPLEMENTATION_REVIEW_v0.1.md,Engineering Management,HUMAN_REPOSITORY_EVIDENCE_REVIEW
2D,EMS-CTRL-045,Cloud Resource Tagging,REPO-EMS,ems,APPLICABLE,EMS repository is the authoritative target for EMS/organization controls and its own engineering controls.,Engineering Management,POLICY_EMS_TARGET
2D,EMS-CTRL-046,Backup Verification,REPO-001,bluto,NOT_APPLICABLE,Service/production control is not applicable because repository is classified non-production.,Engineering Management,POLICY_NON_PRODUCTION
2D,EMS-CTRL-046,Backup Verification,REPO-002,fiskroad,NOT_APPLICABLE,Service/production control is not applicable because repository is classified non-production.,Engineering Management,POLICY_NON_PRODUCTION
2D,EMS-CTRL-046,Backup Verification,REPO-003,hometown,APPLICABLE,Service/production control applies because repository is classified as production.,Engineering Management,POLICY_PRODUCTION
2D,EMS-CTRL-046,Backup Verification,REPO-004,nono,NOT_APPLICABLE,Service/production control is not applicable because repository is classified non-production.,Engineering Management,POLICY_NON_PRODUCTION
2D,EMS-CTRL-046,Backup Verification,REPO-005,olive,APPLICABLE,Service/production control applies because repository is classified as production.,Engineering Management,POLICY_PRODUCTION
2D,EMS-CTRL-046,Backup Verification,REPO-006,popeye,APPLICABLE,Service/production control applies because repository is classified as production.,Engineering Management,POLICY_PRODUCTION
2D,EMS-CTRL-046,Backup Verification,REPO-EMS,ems,APPLICABLE,EMS repository is the authoritative target for EMS/organization controls and its own engineering controls.,Engineering Management,POLICY_EMS_TARGET
2D,EMS-CTRL-047,Restore Validation,REPO-001,bluto,NOT_APPLICABLE,Service/production control is not applicable because repository is classified non-production.,Engineering Management,POLICY_NON_PRODUCTION
2D,EMS-CTRL-047,Restore Validation,REPO-002,fiskroad,NOT_APPLICABLE,Service/production control is not applicable because repository is classified non-production.,Engineering Management,POLICY_NON_PRODUCTION
2D,EMS-CTRL-047,Restore Validation,REPO-003,hometown,APPLICABLE,Service/production control applies because repository is classified as production.,Engineering Management,POLICY_PRODUCTION
2D,EMS-CTRL-047,Restore Validation,REPO-004,nono,NOT_APPLICABLE,Service/production control is not applicable because repository is classified non-production.,Engineering Management,POLICY_NON_PRODUCTION
2D,EMS-CTRL-047,Restore Validation,REPO-005,olive,APPLICABLE,Service/production control applies because repository is classified as production.,Engineering Management,POLICY_PRODUCTION
2D,EMS-CTRL-047,Restore Validation,REPO-006,popeye,APPLICABLE,Service/production control applies because repository is classified as production.,Engineering Management,POLICY_PRODUCTION
2D,EMS-CTRL-047,Restore Validation,REPO-EMS,ems,APPLICABLE,EMS repository is the authoritative target for EMS/organization controls and its own engineering controls.,Engineering Management,POLICY_EMS_TARGET
2D,EMS-CTRL-048,Environment Separation,REPO-001,bluto,APPLICABLE,Repository content contains evidence relevant to this control: release-manifest.json; SHA256SUMS.txt; implementation/README.md; releases/BLUTO_ATE_AND_KEY_OWNERSHIP_v0.3.md; releases/BLUTO_IMPLEMENTATION_REVIEW_v0.1.md,Engineering Management,HUMAN_REPOSITORY_EVIDENCE_REVIEW
2D,EMS-CTRL-048,Environment Separation,REPO-002,fiskroad,APPLICABLE,Repository content contains evidence relevant to this control: README.md; STATE.md; docs/AGENT_COORDINATION.md; docs/COMMERCIAL_COMPONENTS_TIMING_v0.1.md; docs/ORIENTATION.md,Engineering Management,HUMAN_REPOSITORY_EVIDENCE_REVIEW
2D,EMS-CTRL-048,Environment Separation,REPO-003,hometown,APPLICABLE,Repository content contains evidence relevant to this control: package-lock.json; package.json; cube/docker-compose.intrepid-sandbox.yml; cube/docker-compose.intrepid-smoke.yml; cube/docker-compose.yml,Engineering Management,HUMAN_REPOSITORY_EVIDENCE_REVIEW
2D,EMS-CTRL-048,Environment Separation,REPO-004,nono,APPLICABLE,Repository content contains evidence relevant to this control: AGENTS.md; Cargo.toml; CHANGELOG.md; CLAUDE.md; cliff.toml,Engineering Management,HUMAN_REPOSITORY_EVIDENCE_REVIEW
2D,EMS-CTRL-048,Environment Separation,REPO-005,olive,APPLICABLE,Repository content contains evidence relevant to this control: specs/OLIVE_CHARTER_v0.4.md; src/Olive/Domain.cs; tests/Olive.Tests/RequirementsTests.cs,Engineering Management,HUMAN_REPOSITORY_EVIDENCE_REVIEW
2D,EMS-CTRL-048,Environment Separation,REPO-006,popeye,APPLICABLE,Repository content contains evidence relevant to this control: README.md; STATE.md; config/litellm.azure.example.yaml; config/model-approval-registry.example.yaml; scripts/intune-baseurl-profile.ps1,Engineering Management,HUMAN_REPOSITORY_EVIDENCE_REVIEW
2D,EMS-CTRL-048,Environment Separation,REPO-EMS,ems,APPLICABLE,EMS repository is the authoritative target for EMS/organization controls and its own engineering controls.,Engineering Management,POLICY_EMS_TARGET
2D,EMS-CTRL-049,Approved AI Platforms,REPO-001,bluto,APPLICABLE,AI control applies because repository classification indicates ai_enabled=true.,Engineering Management,POLICY_AI_ENABLED
2D,EMS-CTRL-049,Approved AI Platforms,REPO-002,fiskroad,APPLICABLE,AI control applies because repository classification indicates ai_enabled=true.,Engineering Management,POLICY_AI_ENABLED
2D,EMS-CTRL-049,Approved AI Platforms,REPO-003,hometown,APPLICABLE,AI control applies because repository metadata indicates AI/agent usage.,Engineering Management,POLICY_AI_METADATA
2D,EMS-CTRL-049,Approved AI Platforms,REPO-004,nono,APPLICABLE,AI control applies because repository classification indicates ai_enabled=true.,Engineering Management,POLICY_AI_ENABLED
2D,EMS-CTRL-049,Approved AI Platforms,REPO-005,olive,APPLICABLE,AI control applies because repository metadata indicates AI/agent usage.,Engineering Management,POLICY_AI_METADATA
2D,EMS-CTRL-049,Approved AI Platforms,REPO-006,popeye,APPLICABLE,AI control applies because repository metadata indicates AI/agent usage.,Engineering Management,POLICY_AI_METADATA
2D,EMS-CTRL-049,Approved AI Platforms,REPO-EMS,ems,APPLICABLE,EMS repository is the authoritative target for EMS/organization controls and its own engineering controls.,Engineering Management,POLICY_EMS_TARGET
2D,EMS-CTRL-050,Prompt Data Classification,REPO-001,bluto,APPLICABLE,AI control applies because repository classification indicates ai_enabled=true.,Engineering Management,POLICY_AI_ENABLED
2D,EMS-CTRL-050,Prompt Data Classification,REPO-002,fiskroad,APPLICABLE,AI control applies because repository classification indicates ai_enabled=true.,Engineering Management,POLICY_AI_ENABLED
2D,EMS-CTRL-050,Prompt Data Classification,REPO-003,hometown,APPLICABLE,AI control applies because repository metadata indicates AI/agent usage.,Engineering Management,POLICY_AI_METADATA
2D,EMS-CTRL-050,Prompt Data Classification,REPO-004,nono,APPLICABLE,AI control applies because repository classification indicates ai_enabled=true.,Engineering Management,POLICY_AI_ENABLED
2D,EMS-CTRL-050,Prompt Data Classification,REPO-005,olive,APPLICABLE,AI control applies because repository metadata indicates AI/agent usage.,Engineering Management,POLICY_AI_METADATA
2D,EMS-CTRL-050,Prompt Data Classification,REPO-006,popeye,APPLICABLE,AI control applies because repository metadata indicates AI/agent usage.,Engineering Management,POLICY_AI_METADATA
2D,EMS-CTRL-050,Prompt Data Classification,REPO-EMS,ems,APPLICABLE,EMS repository is the authoritative target for EMS/organization controls and its own engineering controls.,Engineering Management,POLICY_EMS_TARGET
2D,EMS-CTRL-051,Human Review of AI Code,REPO-001,bluto,APPLICABLE,AI control applies because repository classification indicates ai_enabled=true.,Engineering Management,POLICY_AI_ENABLED
2D,EMS-CTRL-051,Human Review of AI Code,REPO-002,fiskroad,APPLICABLE,AI control applies because repository classification indicates ai_enabled=true.,Engineering Management,POLICY_AI_ENABLED
2D,EMS-CTRL-051,Human Review of AI Code,REPO-003,hometown,APPLICABLE,AI control applies because repository metadata indicates AI/agent usage.,Engineering Management,POLICY_AI_METADATA
2D,EMS-CTRL-051,Human Review of AI Code,REPO-004,nono,APPLICABLE,AI control applies because repository classification indicates ai_enabled=true.,Engineering Management,POLICY_AI_ENABLED
2D,EMS-CTRL-051,Human Review of AI Code,REPO-005,olive,APPLICABLE,AI control applies because repository metadata indicates AI/agent usage.,Engineering Management,POLICY_AI_METADATA
2D,EMS-CTRL-051,Human Review of AI Code,REPO-006,popeye,APPLICABLE,AI control applies because repository metadata indicates AI/agent usage.,Engineering Management,POLICY_AI_METADATA
2D,EMS-CTRL-051,Human Review of AI Code,REPO-EMS,ems,APPLICABLE,EMS repository is the authoritative target for EMS/organization controls and its own engineering controls.,Engineering Management,POLICY_EMS_TARGET
2D,EMS-CTRL-052,AI Attribution,REPO-001,bluto,APPLICABLE,AI control applies because repository classification indicates ai_enabled=true.,Engineering Management,POLICY_AI_ENABLED
2D,EMS-CTRL-052,AI Attribution,REPO-002,fiskroad,APPLICABLE,AI control applies because repository classification indicates ai_enabled=true.,Engineering Management,POLICY_AI_ENABLED
2D,EMS-CTRL-052,AI Attribution,REPO-003,hometown,APPLICABLE,AI control applies because repository metadata indicates AI/agent usage.,Engineering Management,POLICY_AI_METADATA
2D,EMS-CTRL-052,AI Attribution,REPO-004,nono,APPLICABLE,AI control applies because repository classification indicates ai_enabled=true.,Engineering Management,POLICY_AI_ENABLED
2D,EMS-CTRL-052,AI Attribution,REPO-005,olive,APPLICABLE,AI control applies because repository metadata indicates AI/agent usage.,Engineering Management,POLICY_AI_METADATA
2D,EMS-CTRL-052,AI Attribution,REPO-006,popeye,APPLICABLE,AI control applies because repository metadata indicates AI/agent usage.,Engineering Management,POLICY_AI_METADATA
2D,EMS-CTRL-052,AI Attribution,REPO-EMS,ems,APPLICABLE,EMS repository is the authoritative target for EMS/organization controls and its own engineering controls.,Engineering Management,POLICY_EMS_TARGET
2D,EMS-CTRL-053,AI Security Review,REPO-001,bluto,APPLICABLE,AI control applies because repository classification indicates ai_enabled=true.,Engineering Management,POLICY_AI_ENABLED
2D,EMS-CTRL-053,AI Security Review,REPO-002,fiskroad,APPLICABLE,AI control applies because repository classification indicates ai_enabled=true.,Engineering Management,POLICY_AI_ENABLED
2D,EMS-CTRL-053,AI Security Review,REPO-003,hometown,APPLICABLE,AI control applies because repository metadata indicates AI/agent usage.,Engineering Management,POLICY_AI_METADATA
2D,EMS-CTRL-053,AI Security Review,REPO-004,nono,APPLICABLE,AI control applies because repository classification indicates ai_enabled=true.,Engineering Management,POLICY_AI_ENABLED
2D,EMS-CTRL-053,AI Security Review,REPO-005,olive,APPLICABLE,AI control applies because repository metadata indicates AI/agent usage.,Engineering Management,POLICY_AI_METADATA
2D,EMS-CTRL-053,AI Security Review,REPO-006,popeye,APPLICABLE,AI control applies because repository metadata indicates AI/agent usage.,Engineering Management,POLICY_AI_METADATA
2D,EMS-CTRL-053,AI Security Review,REPO-EMS,ems,APPLICABLE,EMS repository is the authoritative target for EMS/organization controls and its own engineering controls.,Engineering Management,POLICY_EMS_TARGET
2D,EMS-CTRL-054,AI Model Risk Review,REPO-001,bluto,APPLICABLE,AI control applies because repository classification indicates ai_enabled=true.,Engineering Management,POLICY_AI_ENABLED
2D,EMS-CTRL-054,AI Model Risk Review,REPO-002,fiskroad,APPLICABLE,AI control applies because repository classification indicates ai_enabled=true.,Engineering Management,POLICY_AI_ENABLED
2D,EMS-CTRL-054,AI Model Risk Review,REPO-003,hometown,APPLICABLE,AI control applies because repository metadata indicates AI/agent usage.,Engineering Management,POLICY_AI_METADATA
2D,EMS-CTRL-054,AI Model Risk Review,REPO-004,nono,APPLICABLE,AI control applies because repository classification indicates ai_enabled=true.,Engineering Management,POLICY_AI_ENABLED
2D,EMS-CTRL-054,AI Model Risk Review,REPO-005,olive,APPLICABLE,AI control applies because repository metadata indicates AI/agent usage.,Engineering Management,POLICY_AI_METADATA
2D,EMS-CTRL-054,AI Model Risk Review,REPO-006,popeye,APPLICABLE,AI control applies because repository metadata indicates AI/agent usage.,Engineering Management,POLICY_AI_METADATA
2D,EMS-CTRL-054,AI Model Risk Review,REPO-EMS,ems,APPLICABLE,EMS repository is the authoritative target for EMS/organization controls and its own engineering controls.,Engineering Management,POLICY_EMS_TARGET
2D,EMS-CTRL-055,Policy Before Execution,REPO-001,bluto,APPLICABLE,AI control applies because repository classification indicates ai_enabled=true.,Engineering Management,POLICY_AI_ENABLED
2D,EMS-CTRL-055,Policy Before Execution,REPO-002,fiskroad,APPLICABLE,AI control applies because repository classification indicates ai_enabled=true.,Engineering Management,POLICY_AI_ENABLED
2D,EMS-CTRL-055,Policy Before Execution,REPO-003,hometown,APPLICABLE,AI control applies because repository metadata indicates AI/agent usage.,Engineering Management,POLICY_AI_METADATA
2D,EMS-CTRL-055,Policy Before Execution,REPO-004,nono,APPLICABLE,AI control applies because repository classification indicates ai_enabled=true.,Engineering Management,POLICY_AI_ENABLED
2D,EMS-CTRL-055,Policy Before Execution,REPO-005,olive,APPLICABLE,AI control applies because repository metadata indicates AI/agent usage.,Engineering Management,POLICY_AI_METADATA
2D,EMS-CTRL-055,Policy Before Execution,REPO-006,popeye,APPLICABLE,AI control applies because repository metadata indicates AI/agent usage.,Engineering Management,POLICY_AI_METADATA
2D,EMS-CTRL-055,Policy Before Execution,REPO-EMS,ems,APPLICABLE,EMS repository is the authoritative target for EMS/organization controls and its own engineering controls.,Engineering Management,POLICY_EMS_TARGET
2D,EMS-CTRL-056,Agent Identity Verification,REPO-001,bluto,APPLICABLE,AI control applies because repository classification indicates ai_enabled=true.,Engineering Management,POLICY_AI_ENABLED
2D,EMS-CTRL-056,Agent Identity Verification,REPO-002,fiskroad,APPLICABLE,AI control applies because repository classification indicates ai_enabled=true.,Engineering Management,POLICY_AI_ENABLED
2D,EMS-CTRL-056,Agent Identity Verification,REPO-003,hometown,APPLICABLE,AI control applies because repository metadata indicates AI/agent usage.,Engineering Management,POLICY_AI_METADATA
2D,EMS-CTRL-056,Agent Identity Verification,REPO-004,nono,APPLICABLE,AI control applies because repository classification indicates ai_enabled=true.,Engineering Management,POLICY_AI_ENABLED
2D,EMS-CTRL-056,Agent Identity Verification,REPO-005,olive,APPLICABLE,AI control applies because repository metadata indicates AI/agent usage.,Engineering Management,POLICY_AI_METADATA
2D,EMS-CTRL-056,Agent Identity Verification,REPO-006,popeye,APPLICABLE,AI control applies because repository metadata indicates AI/agent usage.,Engineering Management,POLICY_AI_METADATA
2D,EMS-CTRL-056,Agent Identity Verification,REPO-EMS,ems,APPLICABLE,EMS repository is the authoritative target for EMS/organization controls and its own engineering controls.,Engineering Management,POLICY_EMS_TARGET
2D,EMS-CTRL-057,Audit Envelope Generation,REPO-001,bluto,APPLICABLE,AI control applies because repository classification indicates ai_enabled=true.,Engineering Management,POLICY_AI_ENABLED
2D,EMS-CTRL-057,Audit Envelope Generation,REPO-002,fiskroad,APPLICABLE,AI control applies because repository classification indicates ai_enabled=true.,Engineering Management,POLICY_AI_ENABLED
2D,EMS-CTRL-057,Audit Envelope Generation,REPO-003,hometown,APPLICABLE,AI control applies because repository metadata indicates AI/agent usage.,Engineering Management,POLICY_AI_METADATA
2D,EMS-CTRL-057,Audit Envelope Generation,REPO-004,nono,APPLICABLE,AI control applies because repository classification indicates ai_enabled=true.,Engineering Management,POLICY_AI_ENABLED
2D,EMS-CTRL-057,Audit Envelope Generation,REPO-005,olive,APPLICABLE,AI control applies because repository metadata indicates AI/agent usage.,Engineering Management,POLICY_AI_METADATA
2D,EMS-CTRL-057,Audit Envelope Generation,REPO-006,popeye,APPLICABLE,AI control applies because repository metadata indicates AI/agent usage.,Engineering Management,POLICY_AI_METADATA
2D,EMS-CTRL-057,Audit Envelope Generation,REPO-EMS,ems,APPLICABLE,EMS repository is the authoritative target for EMS/organization controls and its own engineering controls.,Engineering Management,POLICY_EMS_TARGET
2D,EMS-CTRL-058,Fail-Closed Authorization,REPO-001,bluto,APPLICABLE,AI control applies because repository classification indicates ai_enabled=true.,Engineering Management,POLICY_AI_ENABLED
2D,EMS-CTRL-058,Fail-Closed Authorization,REPO-002,fiskroad,APPLICABLE,AI control applies because repository classification indicates ai_enabled=true.,Engineering Management,POLICY_AI_ENABLED
2D,EMS-CTRL-058,Fail-Closed Authorization,REPO-003,hometown,APPLICABLE,AI control applies because repository metadata indicates AI/agent usage.,Engineering Management,POLICY_AI_METADATA
2D,EMS-CTRL-058,Fail-Closed Authorization,REPO-004,nono,APPLICABLE,AI control applies because repository classification indicates ai_enabled=true.,Engineering Management,POLICY_AI_ENABLED
2D,EMS-CTRL-058,Fail-Closed Authorization,REPO-005,olive,APPLICABLE,AI control applies because repository metadata indicates AI/agent usage.,Engineering Management,POLICY_AI_METADATA
2D,EMS-CTRL-058,Fail-Closed Authorization,REPO-006,popeye,APPLICABLE,AI control applies because repository metadata indicates AI/agent usage.,Engineering Management,POLICY_AI_METADATA
2D,EMS-CTRL-058,Fail-Closed Authorization,REPO-EMS,ems,APPLICABLE,EMS repository is the authoritative target for EMS/organization controls and its own engineering controls.,Engineering Management,POLICY_EMS_TARGET
2D,EMS-CTRL-059,Execution Isolation Validation,REPO-001,bluto,APPLICABLE,AI control applies because repository classification indicates ai_enabled=true.,Engineering Management,POLICY_AI_ENABLED
2D,EMS-CTRL-059,Execution Isolation Validation,REPO-002,fiskroad,APPLICABLE,AI control applies because repository classification indicates ai_enabled=true.,Engineering Management,POLICY_AI_ENABLED
2D,EMS-CTRL-059,Execution Isolation Validation,REPO-003,hometown,APPLICABLE,AI control applies because repository metadata indicates AI/agent usage.,Engineering Management,POLICY_AI_METADATA
2D,EMS-CTRL-059,Execution Isolation Validation,REPO-004,nono,APPLICABLE,AI control applies because repository classification indicates ai_enabled=true.,Engineering Management,POLICY_AI_ENABLED
2D,EMS-CTRL-059,Execution Isolation Validation,REPO-005,olive,APPLICABLE,AI control applies because repository metadata indicates AI/agent usage.,Engineering Management,POLICY_AI_METADATA
2D,EMS-CTRL-059,Execution Isolation Validation,REPO-006,popeye,APPLICABLE,AI control applies because repository metadata indicates AI/agent usage.,Engineering Management,POLICY_AI_METADATA
2D,EMS-CTRL-059,Execution Isolation Validation,REPO-EMS,ems,APPLICABLE,EMS repository is the authoritative target for EMS/organization controls and its own engineering controls.,Engineering Management,POLICY_EMS_TARGET
2D,EMS-CTRL-060,Zero Trust Integration Testing,REPO-001,bluto,APPLICABLE,AI control applies because repository classification indicates ai_enabled=true.,Engineering Management,POLICY_AI_ENABLED
2D,EMS-CTRL-060,Zero Trust Integration Testing,REPO-002,fiskroad,APPLICABLE,AI control applies because repository classification indicates ai_enabled=true.,Engineering Management,POLICY_AI_ENABLED
2D,EMS-CTRL-060,Zero Trust Integration Testing,REPO-003,hometown,APPLICABLE,AI control applies because repository metadata indicates AI/agent usage.,Engineering Management,POLICY_AI_METADATA
2D,EMS-CTRL-060,Zero Trust Integration Testing,REPO-004,nono,APPLICABLE,AI control applies because repository classification indicates ai_enabled=true.,Engineering Management,POLICY_AI_ENABLED
2D,EMS-CTRL-060,Zero Trust Integration Testing,REPO-005,olive,APPLICABLE,AI control applies because repository metadata indicates AI/agent usage.,Engineering Management,POLICY_AI_METADATA
2D,EMS-CTRL-060,Zero Trust Integration Testing,REPO-006,popeye,APPLICABLE,AI control applies because repository metadata indicates AI/agent usage.,Engineering Management,POLICY_AI_METADATA
2D,EMS-CTRL-060,Zero Trust Integration Testing,REPO-EMS,ems,APPLICABLE,EMS repository is the authoritative target for EMS/organization controls and its own engineering controls.,Engineering Management,POLICY_EMS_TARGET
2D,EMS-CTRL-061,Database Migration Review,REPO-001,bluto,APPLICABLE,Repository content contains evidence relevant to this control: README.md; release-manifest.json; SHA256SUMS.txt; implementation/README.md; releases/BLUTO_ATE_AND_KEY_OWNERSHIP_v0.3.md,Engineering Management,HUMAN_REPOSITORY_EVIDENCE_REVIEW
2D,EMS-CTRL-061,Database Migration Review,REPO-002,fiskroad,APPLICABLE,Repository content contains evidence relevant to this control: contracts/README.md; docs/AGENT_COORDINATION.md; specs/COMPONENT_GAP_ASSESSMENT_v0.1.md; specs/ECOSYSTEM_PORTFOLIO_AND_GAP_ANALYSIS_v0.1.md; specs/FISKROAD_ARCHITECTURE_EVALUATION_v0.1.md,Engineering Management,HUMAN_REPOSITORY_EVIDENCE_REVIEW
2D,EMS-CTRL-061,Database Migration Review,REPO-003,hometown,APPLICABLE,Repository content contains evidence relevant to this control: package.json; cube/docker-compose.intrepid-sandbox.yml; cube/docker-compose.intrepid-smoke.yml; cube/README.md; specs/ANSWER_TRACE_ENVELOPE_v0.1.md,Engineering Management,HUMAN_REPOSITORY_EVIDENCE_REVIEW
2D,EMS-CTRL-061,Database Migration Review,REPO-004,nono,APPLICABLE,Repository content contains evidence relevant to this control: CHANGELOG.md; CLAUDE.md; .bg-shell/fix-b4.py; .bg-shell/fix-remaining.py; .claude/settings.local.json,Engineering Management,HUMAN_REPOSITORY_EVIDENCE_REVIEW
2D,EMS-CTRL-061,Database Migration Review,REPO-005,olive,APPLICABLE,Repository content contains evidence relevant to this control: specs/OLIVE_CHARTER_v0.4.md; contracts/schemas/action-type.schema.json; contracts/schemas/execution-record.schema.json; contracts/schemas/proposal.schema.json; contracts/schemas/queue-item.schema.json,Engineering Management,HUMAN_REPOSITORY_EVIDENCE_REVIEW
2D,EMS-CTRL-061,Database Migration Review,REPO-006,popeye,APPLICABLE,Repository content contains evidence relevant to this control: config/endpoint-detection.schema.json; scripts/Read-EndpointDetections.ps1; specs/AI_USAGE_GOVERNANCE_ROADMAP_v0.2.md; specs/DATA_CLASS_ENFORCEMENT_IMPLEMENTATION_SPEC_v0.1.md; specs/ENDPOINT_DETECTION_CONTRACT_v0.1.md,Engineering Management,HUMAN_REPOSITORY_EVIDENCE_REVIEW
2D,EMS-CTRL-061,Database Migration Review,REPO-EMS,ems,APPLICABLE,EMS repository is the authoritative target for EMS/organization controls and its own engineering controls.,Engineering Management,POLICY_EMS_TARGET
2D,EMS-CTRL-062,Schema Version Control,REPO-001,bluto,APPLICABLE,Repository content contains evidence relevant to this control: README.md; release-manifest.json; SHA256SUMS.txt; implementation/README.md; releases/BLUTO_ATE_AND_KEY_OWNERSHIP_v0.3.md,Engineering Management,HUMAN_REPOSITORY_EVIDENCE_REVIEW
2D,EMS-CTRL-062,Schema Version Control,REPO-002,fiskroad,APPLICABLE,Repository content contains evidence relevant to this control: contracts/README.md; docs/AGENT_COORDINATION.md; specs/COMPONENT_GAP_ASSESSMENT_v0.1.md; specs/ECOSYSTEM_PORTFOLIO_AND_GAP_ANALYSIS_v0.1.md; specs/FISKROAD_ARCHITECTURE_EVALUATION_v0.1.md,Engineering Management,HUMAN_REPOSITORY_EVIDENCE_REVIEW
2D,EMS-CTRL-062,Schema Version Control,REPO-003,hometown,APPLICABLE,Repository content contains evidence relevant to this control: package.json; cube/docker-compose.intrepid-sandbox.yml; cube/docker-compose.intrepid-smoke.yml; cube/README.md; specs/ANSWER_TRACE_ENVELOPE_v0.1.md,Engineering Management,HUMAN_REPOSITORY_EVIDENCE_REVIEW
2D,EMS-CTRL-062,Schema Version Control,REPO-004,nono,APPLICABLE,Repository content contains evidence relevant to this control: CHANGELOG.md; CLAUDE.md; .bg-shell/fix-b4.py; .bg-shell/fix-remaining.py; .claude/settings.local.json,Engineering Management,HUMAN_REPOSITORY_EVIDENCE_REVIEW
2D,EMS-CTRL-062,Schema Version Control,REPO-005,olive,APPLICABLE,Repository content contains evidence relevant to this control: specs/OLIVE_CHARTER_v0.4.md; contracts/schemas/action-type.schema.json; contracts/schemas/execution-record.schema.json; contracts/schemas/proposal.schema.json; contracts/schemas/queue-item.schema.json,Engineering Management,HUMAN_REPOSITORY_EVIDENCE_REVIEW
2D,EMS-CTRL-062,Schema Version Control,REPO-006,popeye,APPLICABLE,Repository content contains evidence relevant to this control: config/endpoint-detection.schema.json; scripts/Read-EndpointDetections.ps1; specs/AI_USAGE_GOVERNANCE_ROADMAP_v0.2.md; specs/DATA_CLASS_ENFORCEMENT_IMPLEMENTATION_SPEC_v0.1.md; specs/ENDPOINT_DETECTION_CONTRACT_v0.1.md,Engineering Management,HUMAN_REPOSITORY_EVIDENCE_REVIEW
2D,EMS-CTRL-062,Schema Version Control,REPO-EMS,ems,APPLICABLE,EMS repository is the authoritative target for EMS/organization controls and its own engineering controls.,Engineering Management,POLICY_EMS_TARGET
2D,EMS-CTRL-063,Data Classification,REPO-001,bluto,APPLICABLE,Repository content contains evidence relevant to this control: release-manifest.json; SHA256SUMS.txt; docs/00-authoritative/BLUTO_IDENTITY_SPINE_v0.1.md; docs/02-domain-model/DOMAIN-MODEL-OVERVIEW.md; docs/02-domain-model/VALUE-OBJECTS.md,Engineering Management,HUMAN_REPOSITORY_EVIDENCE_REVIEW
2D,EMS-CTRL-063,Data Classification,REPO-002,fiskroad,APPLICABLE,Repository content contains evidence relevant to this control: contracts/vocabulary.yaml; docs/COMMERCIAL_COMPONENTS_TIMING_v0.1.md; specs/COMMERCIAL_COMPONENTS_TIMING_v0.1.md; specs/ECOSYSTEM_PORTFOLIO_AND_GAP_ANALYSIS_v0.1.md; specs/GLOSSARY.md,Engineering Management,HUMAN_REPOSITORY_EVIDENCE_REVIEW
2D,EMS-CTRL-063,Data Classification,REPO-003,hometown,APPLICABLE,Data-governance control applies because repository metadata indicates customer/sensitive data.,Engineering Management,POLICY_DATA
2D,EMS-CTRL-063,Data Classification,REPO-004,nono,APPLICABLE,Repository content contains evidence relevant to this control: CHANGELOG.md; README.md; .claude/settings.local.json; .gsd/CODEBASE.md; .gsd/DECISIONS.md,Engineering Management,HUMAN_REPOSITORY_EVIDENCE_REVIEW
2D,EMS-CTRL-063,Data Classification,REPO-005,olive,APPLICABLE,Data-governance control applies because repository metadata indicates customer/sensitive data.,Engineering Management,POLICY_DATA
2D,EMS-CTRL-063,Data Classification,REPO-006,popeye,APPLICABLE,Data-governance control applies because repository metadata indicates customer/sensitive data.,Engineering Management,POLICY_DATA
2D,EMS-CTRL-063,Data Classification,REPO-EMS,ems,APPLICABLE,EMS repository is the authoritative target for EMS/organization controls and its own engineering controls.,Engineering Management,POLICY_EMS_TARGET
2D,EMS-CTRL-064,Database Backup Validation,REPO-001,bluto,APPLICABLE,Repository content contains evidence relevant to this control: release-manifest.json; SHA256SUMS.txt; implementation/README.md; releases/BLUTO_ATE_AND_KEY_OWNERSHIP_v0.3.md; releases/BLUTO_IMPLEMENTATION_REVIEW_v0.1.md,Engineering Management,HUMAN_REPOSITORY_EVIDENCE_REVIEW
2D,EMS-CTRL-064,Database Backup Validation,REPO-002,fiskroad,APPLICABLE,Repository content contains evidence relevant to this control: docs/AGENT_COORDINATION.md; docs/COMMERCIAL_COMPONENTS_TIMING_v0.1.md; specs/COMMERCIAL_COMPONENTS_TIMING_v0.1.md; specs/FISKROAD_ARCHITECTURE_EVALUATION_v0.1.md; specs/POC_READINESS_INVENTORY.md,Engineering Management,HUMAN_REPOSITORY_EVIDENCE_REVIEW
2D,EMS-CTRL-064,Database Backup Validation,REPO-003,hometown,APPLICABLE,Repository content contains evidence relevant to this control: cube/README.md; specs/ANSWER_TRACE_ENVELOPE_v0.1.md; specs/EKG_DESIGN_REQUIREMENTS_v0.1.md; specs/HOMETOWN_CORRECTIONS_ATE_v0.3.md; specs/HOMETOWN_IMPLEMENTATION_REVIEW_v0.1.md,Engineering Management,HUMAN_REPOSITORY_EVIDENCE_REVIEW
2D,EMS-CTRL-064,Database Backup Validation,REPO-004,nono,APPLICABLE,Repository content contains evidence relevant to this control: CHANGELOG.md; CLAUDE.md; MANUAL_TEST_STEPS.md; nono_state.md; README.md,Engineering Management,HUMAN_REPOSITORY_EVIDENCE_REVIEW
2D,EMS-CTRL-064,Database Backup Validation,REPO-005,olive,APPLICABLE,Repository content contains evidence relevant to this control: docs/STATUS.md; src/Olive/Domain.cs; tests/Olive.Tests/RequirementsTests.cs,Engineering Management,HUMAN_REPOSITORY_EVIDENCE_REVIEW
2D,EMS-CTRL-064,Database Backup Validation,REPO-006,popeye,APPLICABLE,Repository content contains evidence relevant to this control: STATE.md; config/litellm.azure.example.yaml; scripts/Test-PopeyeVerificationVm.ps1; specs/ADR-002-gateway-config-delivery.md; specs/AI_USAGE_GOVERNANCE_ROADMAP_v0.2.md,Engineering Management,HUMAN_REPOSITORY_EVIDENCE_REVIEW
2D,EMS-CTRL-064,Database Backup Validation,REPO-EMS,ems,APPLICABLE,EMS repository is the authoritative target for EMS/organization controls and its own engineering controls.,Engineering Management,POLICY_EMS_TARGET
2D,EMS-CTRL-065,Data Retention Compliance,REPO-001,bluto,APPLICABLE,Repository content contains evidence relevant to this control: .github/workflows/wp002-ci.yml; docs/01-foundation-governance/DOCUMENT-STATUS.md; docs/02-domain-model/DOMAIN-MODEL-OVERVIEW.md; docs/03-architecture/ARCHITECTURAL-DRIVERS.md; docs/03-architecture/ARCHITECTURE-REVIEW.md,Engineering Management,HUMAN_REPOSITORY_EVIDENCE_REVIEW
2D,EMS-CTRL-065,Data Retention Compliance,REPO-002,fiskroad,APPLICABLE,Repository content contains evidence relevant to this control: docs/COMMERCIAL_COMPONENTS_TIMING_v0.1.md; specs/COMMERCIAL_COMPONENTS_TIMING_v0.1.md; specs/ECOSYSTEM_PORTFOLIO_AND_GAP_ANALYSIS_v0.1.md; specs/FISKROAD_ARCHITECTURE_EVALUATION_v0.1.md; specs/REGULATED_DATA_CONTROLS_v0.1.md,Engineering Management,HUMAN_REPOSITORY_EVIDENCE_REVIEW
2D,EMS-CTRL-065,Data Retention Compliance,REPO-003,hometown,APPLICABLE,Data-governance control applies because repository metadata indicates customer/sensitive data.,Engineering Management,POLICY_DATA
2D,EMS-CTRL-065,Data Retention Compliance,REPO-004,nono,APPLICABLE,Repository content contains evidence relevant to this control: CHANGELOG.md; CLAUDE.md; .bg-shell/fix-remaining.py; .gsd/CODEBASE.md; .gsd/DECISIONS.md,Engineering Management,HUMAN_REPOSITORY_EVIDENCE_REVIEW
2D,EMS-CTRL-065,Data Retention Compliance,REPO-005,olive,APPLICABLE,Data-governance control applies because repository metadata indicates customer/sensitive data.,Engineering Management,POLICY_DATA
2D,EMS-CTRL-065,Data Retention Compliance,REPO-006,popeye,APPLICABLE,Data-governance control applies because repository metadata indicates customer/sensitive data.,Engineering Management,POLICY_DATA
2D,EMS-CTRL-065,Data Retention Compliance,REPO-EMS,ems,APPLICABLE,EMS repository is the authoritative target for EMS/organization controls and its own engineering controls.,Engineering Management,POLICY_EMS_TARGET
2D,EMS-CTRL-066,Production Data Protection,REPO-001,bluto,NOT_APPLICABLE,Service/production control is not applicable because repository is classified non-production.,Engineering Management,POLICY_NON_PRODUCTION
2D,EMS-CTRL-066,Production Data Protection,REPO-002,fiskroad,NOT_APPLICABLE,Service/production control is not applicable because repository is classified non-production.,Engineering Management,POLICY_NON_PRODUCTION
2D,EMS-CTRL-066,Production Data Protection,REPO-003,hometown,APPLICABLE,Service/production control applies because repository is classified as production.,Engineering Management,POLICY_PRODUCTION
2D,EMS-CTRL-066,Production Data Protection,REPO-004,nono,NOT_APPLICABLE,Service/production control is not applicable because repository is classified non-production.,Engineering Management,POLICY_NON_PRODUCTION
2D,EMS-CTRL-066,Production Data Protection,REPO-005,olive,APPLICABLE,Service/production control applies because repository is classified as production.,Engineering Management,POLICY_PRODUCTION
2D,EMS-CTRL-066,Production Data Protection,REPO-006,popeye,APPLICABLE,Service/production control applies because repository is classified as production.,Engineering Management,POLICY_PRODUCTION
2D,EMS-CTRL-066,Production Data Protection,REPO-EMS,ems,APPLICABLE,EMS repository is the authoritative target for EMS/organization controls and its own engineering controls.,Engineering Management,POLICY_EMS_TARGET
2D,EMS-CTRL-067,Controlled Document Metadata,REPO-001,bluto,NOT_APPLICABLE,Organization/EMS-level control is evaluated at REPO-EMS rather than separately for each product repository.,Engineering Management,POLICY_ORG_ONLY
2D,EMS-CTRL-067,Controlled Document Metadata,REPO-002,fiskroad,NOT_APPLICABLE,Organization/EMS-level control is evaluated at REPO-EMS rather than separately for each product repository.,Engineering Management,POLICY_ORG_ONLY
2D,EMS-CTRL-067,Controlled Document Metadata,REPO-003,hometown,NOT_APPLICABLE,Organization/EMS-level control is evaluated at REPO-EMS rather than separately for each product repository.,Engineering Management,POLICY_ORG_ONLY
2D,EMS-CTRL-067,Controlled Document Metadata,REPO-004,nono,NOT_APPLICABLE,Organization/EMS-level control is evaluated at REPO-EMS rather than separately for each product repository.,Engineering Management,POLICY_ORG_ONLY
2D,EMS-CTRL-067,Controlled Document Metadata,REPO-005,olive,NOT_APPLICABLE,Organization/EMS-level control is evaluated at REPO-EMS rather than separately for each product repository.,Engineering Management,POLICY_ORG_ONLY
2D,EMS-CTRL-067,Controlled Document Metadata,REPO-006,popeye,NOT_APPLICABLE,Organization/EMS-level control is evaluated at REPO-EMS rather than separately for each product repository.,Engineering Management,POLICY_ORG_ONLY
2D,EMS-CTRL-067,Controlled Document Metadata,REPO-EMS,ems,APPLICABLE,EMS repository is the authoritative target for EMS/organization controls and its own engineering controls.,Engineering Management,POLICY_EMS_TARGET
2D,EMS-CTRL-068,Cross-Reference Validation,REPO-001,bluto,NOT_APPLICABLE,Organization/EMS-level control is evaluated at REPO-EMS rather than separately for each product repository.,Engineering Management,POLICY_ORG_ONLY
2D,EMS-CTRL-068,Cross-Reference Validation,REPO-002,fiskroad,NOT_APPLICABLE,Organization/EMS-level control is evaluated at REPO-EMS rather than separately for each product repository.,Engineering Management,POLICY_ORG_ONLY
2D,EMS-CTRL-068,Cross-Reference Validation,REPO-003,hometown,NOT_APPLICABLE,Organization/EMS-level control is evaluated at REPO-EMS rather than separately for each product repository.,Engineering Management,POLICY_ORG_ONLY
2D,EMS-CTRL-068,Cross-Reference Validation,REPO-004,nono,NOT_APPLICABLE,Organization/EMS-level control is evaluated at REPO-EMS rather than separately for each product repository.,Engineering Management,POLICY_ORG_ONLY
2D,EMS-CTRL-068,Cross-Reference Validation,REPO-005,olive,NOT_APPLICABLE,Organization/EMS-level control is evaluated at REPO-EMS rather than separately for each product repository.,Engineering Management,POLICY_ORG_ONLY
2D,EMS-CTRL-068,Cross-Reference Validation,REPO-006,popeye,NOT_APPLICABLE,Organization/EMS-level control is evaluated at REPO-EMS rather than separately for each product repository.,Engineering Management,POLICY_ORG_ONLY
2D,EMS-CTRL-068,Cross-Reference Validation,REPO-EMS,ems,APPLICABLE,EMS repository is the authoritative target for EMS/organization controls and its own engineering controls.,Engineering Management,POLICY_EMS_TARGET
2D,EMS-CTRL-069,Requirements Traceability,REPO-001,bluto,NOT_APPLICABLE,Organization/EMS-level control is evaluated at REPO-EMS rather than separately for each product repository.,Engineering Management,POLICY_ORG_ONLY
2D,EMS-CTRL-069,Requirements Traceability,REPO-002,fiskroad,NOT_APPLICABLE,Organization/EMS-level control is evaluated at REPO-EMS rather than separately for each product repository.,Engineering Management,POLICY_ORG_ONLY
2D,EMS-CTRL-069,Requirements Traceability,REPO-003,hometown,NOT_APPLICABLE,Organization/EMS-level control is evaluated at REPO-EMS rather than separately for each product repository.,Engineering Management,POLICY_ORG_ONLY
2D,EMS-CTRL-069,Requirements Traceability,REPO-004,nono,NOT_APPLICABLE,Organization/EMS-level control is evaluated at REPO-EMS rather than separately for each product repository.,Engineering Management,POLICY_ORG_ONLY
2D,EMS-CTRL-069,Requirements Traceability,REPO-005,olive,NOT_APPLICABLE,Organization/EMS-level control is evaluated at REPO-EMS rather than separately for each product repository.,Engineering Management,POLICY_ORG_ONLY
2D,EMS-CTRL-069,Requirements Traceability,REPO-006,popeye,NOT_APPLICABLE,Organization/EMS-level control is evaluated at REPO-EMS rather than separately for each product repository.,Engineering Management,POLICY_ORG_ONLY
2D,EMS-CTRL-069,Requirements Traceability,REPO-EMS,ems,APPLICABLE,EMS repository is the authoritative target for EMS/organization controls and its own engineering controls.,Engineering Management,POLICY_EMS_TARGET
2D,EMS-CTRL-070,Revision History,REPO-001,bluto,NOT_APPLICABLE,Organization/EMS-level control is evaluated at REPO-EMS rather than separately for each product repository.,Engineering Management,POLICY_ORG_ONLY
2D,EMS-CTRL-070,Revision History,REPO-002,fiskroad,NOT_APPLICABLE,Organization/EMS-level control is evaluated at REPO-EMS rather than separately for each product repository.,Engineering Management,POLICY_ORG_ONLY
2D,EMS-CTRL-070,Revision History,REPO-003,hometown,NOT_APPLICABLE,Organization/EMS-level control is evaluated at REPO-EMS rather than separately for each product repository.,Engineering Management,POLICY_ORG_ONLY
2D,EMS-CTRL-070,Revision History,REPO-004,nono,NOT_APPLICABLE,Organization/EMS-level control is evaluated at REPO-EMS rather than separately for each product repository.,Engineering Management,POLICY_ORG_ONLY
2D,EMS-CTRL-070,Revision History,REPO-005,olive,NOT_APPLICABLE,Organization/EMS-level control is evaluated at REPO-EMS rather than separately for each product repository.,Engineering Management,POLICY_ORG_ONLY
2D,EMS-CTRL-070,Revision History,REPO-006,popeye,NOT_APPLICABLE,Organization/EMS-level control is evaluated at REPO-EMS rather than separately for each product repository.,Engineering Management,POLICY_ORG_ONLY
2D,EMS-CTRL-070,Revision History,REPO-EMS,ems,APPLICABLE,EMS repository is the authoritative target for EMS/organization controls and its own engineering controls.,Engineering Management,POLICY_EMS_TARGET
2D,EMS-CTRL-071,Executive Release Validation,REPO-001,bluto,NOT_APPLICABLE,Organization/EMS-level control is evaluated at REPO-EMS rather than separately for each product repository.,Engineering Management,POLICY_ORG_ONLY
2D,EMS-CTRL-071,Executive Release Validation,REPO-002,fiskroad,NOT_APPLICABLE,Organization/EMS-level control is evaluated at REPO-EMS rather than separately for each product repository.,Engineering Management,POLICY_ORG_ONLY
2D,EMS-CTRL-071,Executive Release Validation,REPO-003,hometown,NOT_APPLICABLE,Organization/EMS-level control is evaluated at REPO-EMS rather than separately for each product repository.,Engineering Management,POLICY_ORG_ONLY
2D,EMS-CTRL-071,Executive Release Validation,REPO-004,nono,NOT_APPLICABLE,Organization/EMS-level control is evaluated at REPO-EMS rather than separately for each product repository.,Engineering Management,POLICY_ORG_ONLY
2D,EMS-CTRL-071,Executive Release Validation,REPO-005,olive,NOT_APPLICABLE,Organization/EMS-level control is evaluated at REPO-EMS rather than separately for each product repository.,Engineering Management,POLICY_ORG_ONLY
2D,EMS-CTRL-071,Executive Release Validation,REPO-006,popeye,NOT_APPLICABLE,Organization/EMS-level control is evaluated at REPO-EMS rather than separately for each product repository.,Engineering Management,POLICY_ORG_ONLY
2D,EMS-CTRL-071,Executive Release Validation,REPO-EMS,ems,APPLICABLE,EMS repository is the authoritative target for EMS/organization controls and its own engineering controls.,Engineering Management,POLICY_EMS_TARGET
2D,EMS-CTRL-072,PDF/DOCX Generation Validation,REPO-001,bluto,NOT_APPLICABLE,Organization/EMS-level control is evaluated at REPO-EMS rather than separately for each product repository.,Engineering Management,POLICY_ORG_ONLY
2D,EMS-CTRL-072,PDF/DOCX Generation Validation,REPO-002,fiskroad,NOT_APPLICABLE,Organization/EMS-level control is evaluated at REPO-EMS rather than separately for each product repository.,Engineering Management,POLICY_ORG_ONLY
2D,EMS-CTRL-072,PDF/DOCX Generation Validation,REPO-003,hometown,NOT_APPLICABLE,Organization/EMS-level control is evaluated at REPO-EMS rather than separately for each product repository.,Engineering Management,POLICY_ORG_ONLY
2D,EMS-CTRL-072,PDF/DOCX Generation Validation,REPO-004,nono,NOT_APPLICABLE,Organization/EMS-level control is evaluated at REPO-EMS rather than separately for each product repository.,Engineering Management,POLICY_ORG_ONLY
2D,EMS-CTRL-072,PDF/DOCX Generation Validation,REPO-005,olive,NOT_APPLICABLE,Organization/EMS-level control is evaluated at REPO-EMS rather than separately for each product repository.,Engineering Management,POLICY_ORG_ONLY
2D,EMS-CTRL-072,PDF/DOCX Generation Validation,REPO-006,popeye,NOT_APPLICABLE,Organization/EMS-level control is evaluated at REPO-EMS rather than separately for each product repository.,Engineering Management,POLICY_ORG_ONLY
2D,EMS-CTRL-072,PDF/DOCX Generation Validation,REPO-EMS,ems,APPLICABLE,EMS repository is the authoritative target for EMS/organization controls and its own engineering controls.,Engineering Management,POLICY_EMS_TARGET
2D,EMS-CTRL-073,Engineering KPI Review,REPO-001,bluto,NOT_APPLICABLE,Organization/EMS-level control is evaluated at REPO-EMS rather than separately for each product repository.,Engineering Management,POLICY_ORG_ONLY
2D,EMS-CTRL-073,Engineering KPI Review,REPO-002,fiskroad,NOT_APPLICABLE,Organization/EMS-level control is evaluated at REPO-EMS rather than separately for each product repository.,Engineering Management,POLICY_ORG_ONLY
2D,EMS-CTRL-073,Engineering KPI Review,REPO-003,hometown,NOT_APPLICABLE,Organization/EMS-level control is evaluated at REPO-EMS rather than separately for each product repository.,Engineering Management,POLICY_ORG_ONLY
2D,EMS-CTRL-073,Engineering KPI Review,REPO-004,nono,NOT_APPLICABLE,Organization/EMS-level control is evaluated at REPO-EMS rather than separately for each product repository.,Engineering Management,POLICY_ORG_ONLY
2D,EMS-CTRL-073,Engineering KPI Review,REPO-005,olive,NOT_APPLICABLE,Organization/EMS-level control is evaluated at REPO-EMS rather than separately for each product repository.,Engineering Management,POLICY_ORG_ONLY
2D,EMS-CTRL-073,Engineering KPI Review,REPO-006,popeye,NOT_APPLICABLE,Organization/EMS-level control is evaluated at REPO-EMS rather than separately for each product repository.,Engineering Management,POLICY_ORG_ONLY
2D,EMS-CTRL-073,Engineering KPI Review,REPO-EMS,ems,APPLICABLE,EMS repository is the authoritative target for EMS/organization controls and its own engineering controls.,Engineering Management,POLICY_EMS_TARGET
2D,EMS-CTRL-074,Quarterly Management Review,REPO-001,bluto,NOT_APPLICABLE,Organization/EMS-level control is evaluated at REPO-EMS rather than separately for each product repository.,Engineering Management,POLICY_ORG_ONLY
2D,EMS-CTRL-074,Quarterly Management Review,REPO-002,fiskroad,NOT_APPLICABLE,Organization/EMS-level control is evaluated at REPO-EMS rather than separately for each product repository.,Engineering Management,POLICY_ORG_ONLY
2D,EMS-CTRL-074,Quarterly Management Review,REPO-003,hometown,NOT_APPLICABLE,Organization/EMS-level control is evaluated at REPO-EMS rather than separately for each product repository.,Engineering Management,POLICY_ORG_ONLY
2D,EMS-CTRL-074,Quarterly Management Review,REPO-004,nono,NOT_APPLICABLE,Organization/EMS-level control is evaluated at REPO-EMS rather than separately for each product repository.,Engineering Management,POLICY_ORG_ONLY
2D,EMS-CTRL-074,Quarterly Management Review,REPO-005,olive,NOT_APPLICABLE,Organization/EMS-level control is evaluated at REPO-EMS rather than separately for each product repository.,Engineering Management,POLICY_ORG_ONLY
2D,EMS-CTRL-074,Quarterly Management Review,REPO-006,popeye,NOT_APPLICABLE,Organization/EMS-level control is evaluated at REPO-EMS rather than separately for each product repository.,Engineering Management,POLICY_ORG_ONLY
2D,EMS-CTRL-074,Quarterly Management Review,REPO-EMS,ems,APPLICABLE,EMS repository is the authoritative target for EMS/organization controls and its own engineering controls.,Engineering Management,POLICY_EMS_TARGET
2D,EMS-CTRL-075,Continuous Compliance Scan,REPO-001,bluto,NOT_APPLICABLE,Organization/EMS-level control is evaluated at REPO-EMS rather than separately for each product repository.,Engineering Management,POLICY_ORG_ONLY
2D,EMS-CTRL-075,Continuous Compliance Scan,REPO-002,fiskroad,NOT_APPLICABLE,Organization/EMS-level control is evaluated at REPO-EMS rather than separately for each product repository.,Engineering Management,POLICY_ORG_ONLY
2D,EMS-CTRL-075,Continuous Compliance Scan,REPO-003,hometown,NOT_APPLICABLE,Organization/EMS-level control is evaluated at REPO-EMS rather than separately for each product repository.,Engineering Management,POLICY_ORG_ONLY
2D,EMS-CTRL-075,Continuous Compliance Scan,REPO-004,nono,NOT_APPLICABLE,Organization/EMS-level control is evaluated at REPO-EMS rather than separately for each product repository.,Engineering Management,POLICY_ORG_ONLY
2D,EMS-CTRL-075,Continuous Compliance Scan,REPO-005,olive,NOT_APPLICABLE,Organization/EMS-level control is evaluated at REPO-EMS rather than separately for each product repository.,Engineering Management,POLICY_ORG_ONLY
2D,EMS-CTRL-075,Continuous Compliance Scan,REPO-006,popeye,NOT_APPLICABLE,Organization/EMS-level control is evaluated at REPO-EMS rather than separately for each product repository.,Engineering Management,POLICY_ORG_ONLY
2D,EMS-CTRL-075,Continuous Compliance Scan,REPO-EMS,ems,APPLICABLE,EMS repository is the authoritative target for EMS/organization controls and its own engineering controls.,Engineering Management,POLICY_EMS_TARGET
2D,EMS-CTRL-076,Corrective Action Tracking,REPO-001,bluto,NOT_APPLICABLE,Organization/EMS-level control is evaluated at REPO-EMS rather than separately for each product repository.,Engineering Management,POLICY_ORG_ONLY
2D,EMS-CTRL-076,Corrective Action Tracking,REPO-002,fiskroad,NOT_APPLICABLE,Organization/EMS-level control is evaluated at REPO-EMS rather than separately for each product repository.,Engineering Management,POLICY_ORG_ONLY
2D,EMS-CTRL-076,Corrective Action Tracking,REPO-003,hometown,NOT_APPLICABLE,Organization/EMS-level control is evaluated at REPO-EMS rather than separately for each product repository.,Engineering Management,POLICY_ORG_ONLY
2D,EMS-CTRL-076,Corrective Action Tracking,REPO-004,nono,NOT_APPLICABLE,Organization/EMS-level control is evaluated at REPO-EMS rather than separately for each product repository.,Engineering Management,POLICY_ORG_ONLY
2D,EMS-CTRL-076,Corrective Action Tracking,REPO-005,olive,NOT_APPLICABLE,Organization/EMS-level control is evaluated at REPO-EMS rather than separately for each product repository.,Engineering Management,POLICY_ORG_ONLY
2D,EMS-CTRL-076,Corrective Action Tracking,REPO-006,popeye,NOT_APPLICABLE,Organization/EMS-level control is evaluated at REPO-EMS rather than separately for each product repository.,Engineering Management,POLICY_ORG_ONLY
2D,EMS-CTRL-076,Corrective Action Tracking,REPO-EMS,ems,APPLICABLE,EMS repository is the authoritative target for EMS/organization controls and its own engineering controls.,Engineering Management,POLICY_EMS_TARGET
2D,EMS-CTRL-077,Technical Debt Register,REPO-001,bluto,NOT_APPLICABLE,Organization/EMS-level control is evaluated at REPO-EMS rather than separately for each product repository.,Engineering Management,POLICY_ORG_ONLY
2D,EMS-CTRL-077,Technical Debt Register,REPO-002,fiskroad,NOT_APPLICABLE,Organization/EMS-level control is evaluated at REPO-EMS rather than separately for each product repository.,Engineering Management,POLICY_ORG_ONLY
2D,EMS-CTRL-077,Technical Debt Register,REPO-003,hometown,NOT_APPLICABLE,Organization/EMS-level control is evaluated at REPO-EMS rather than separately for each product repository.,Engineering Management,POLICY_ORG_ONLY
2D,EMS-CTRL-077,Technical Debt Register,REPO-004,nono,NOT_APPLICABLE,Organization/EMS-level control is evaluated at REPO-EMS rather than separately for each product repository.,Engineering Management,POLICY_ORG_ONLY
2D,EMS-CTRL-077,Technical Debt Register,REPO-005,olive,NOT_APPLICABLE,Organization/EMS-level control is evaluated at REPO-EMS rather than separately for each product repository.,Engineering Management,POLICY_ORG_ONLY
2D,EMS-CTRL-077,Technical Debt Register,REPO-006,popeye,NOT_APPLICABLE,Organization/EMS-level control is evaluated at REPO-EMS rather than separately for each product repository.,Engineering Management,POLICY_ORG_ONLY
2D,EMS-CTRL-077,Technical Debt Register,REPO-EMS,ems,APPLICABLE,EMS repository is the authoritative target for EMS/organization controls and its own engineering controls.,Engineering Management,POLICY_EMS_TARGET
2D,EMS-CTRL-078,Lessons Learned Review,REPO-001,bluto,NOT_APPLICABLE,Organization/EMS-level control is evaluated at REPO-EMS rather than separately for each product repository.,Engineering Management,POLICY_ORG_ONLY
2D,EMS-CTRL-078,Lessons Learned Review,REPO-002,fiskroad,NOT_APPLICABLE,Organization/EMS-level control is evaluated at REPO-EMS rather than separately for each product repository.,Engineering Management,POLICY_ORG_ONLY
2D,EMS-CTRL-078,Lessons Learned Review,REPO-003,hometown,NOT_APPLICABLE,Organization/EMS-level control is evaluated at REPO-EMS rather than separately for each product repository.,Engineering Management,POLICY_ORG_ONLY
2D,EMS-CTRL-078,Lessons Learned Review,REPO-004,nono,NOT_APPLICABLE,Organization/EMS-level control is evaluated at REPO-EMS rather than separately for each product repository.,Engineering Management,POLICY_ORG_ONLY
2D,EMS-CTRL-078,Lessons Learned Review,REPO-005,olive,NOT_APPLICABLE,Organization/EMS-level control is evaluated at REPO-EMS rather than separately for each product repository.,Engineering Management,POLICY_ORG_ONLY
2D,EMS-CTRL-078,Lessons Learned Review,REPO-006,popeye,NOT_APPLICABLE,Organization/EMS-level control is evaluated at REPO-EMS rather than separately for each product repository.,Engineering Management,POLICY_ORG_ONLY
2D,EMS-CTRL-078,Lessons Learned Review,REPO-EMS,ems,APPLICABLE,EMS repository is the authoritative target for EMS/organization controls and its own engineering controls.,Engineering Management,POLICY_EMS_TARGET
2D,EMS-CTRL-079,Repository Health Review,REPO-001,bluto,NOT_APPLICABLE,Organization/EMS-level control is evaluated at REPO-EMS rather than separately for each product repository.,Engineering Management,POLICY_ORG_ONLY
2D,EMS-CTRL-079,Repository Health Review,REPO-002,fiskroad,NOT_APPLICABLE,Organization/EMS-level control is evaluated at REPO-EMS rather than separately for each product repository.,Engineering Management,POLICY_ORG_ONLY
2D,EMS-CTRL-079,Repository Health Review,REPO-003,hometown,NOT_APPLICABLE,Organization/EMS-level control is evaluated at REPO-EMS rather than separately for each product repository.,Engineering Management,POLICY_ORG_ONLY
2D,EMS-CTRL-079,Repository Health Review,REPO-004,nono,NOT_APPLICABLE,Organization/EMS-level control is evaluated at REPO-EMS rather than separately for each product repository.,Engineering Management,POLICY_ORG_ONLY
2D,EMS-CTRL-079,Repository Health Review,REPO-005,olive,NOT_APPLICABLE,Organization/EMS-level control is evaluated at REPO-EMS rather than separately for each product repository.,Engineering Management,POLICY_ORG_ONLY
2D,EMS-CTRL-079,Repository Health Review,REPO-006,popeye,NOT_APPLICABLE,Organization/EMS-level control is evaluated at REPO-EMS rather than separately for each product repository.,Engineering Management,POLICY_ORG_ONLY
2D,EMS-CTRL-079,Repository Health Review,REPO-EMS,ems,APPLICABLE,EMS repository is the authoritative target for EMS/organization controls and its own engineering controls.,Engineering Management,POLICY_EMS_TARGET
2D,EMS-CTRL-080,Annual EMS Review,REPO-001,bluto,NOT_APPLICABLE,Organization/EMS-level control is evaluated at REPO-EMS rather than separately for each product repository.,Engineering Management,POLICY_ORG_ONLY
2D,EMS-CTRL-080,Annual EMS Review,REPO-002,fiskroad,NOT_APPLICABLE,Organization/EMS-level control is evaluated at REPO-EMS rather than separately for each product repository.,Engineering Management,POLICY_ORG_ONLY
2D,EMS-CTRL-080,Annual EMS Review,REPO-003,hometown,NOT_APPLICABLE,Organization/EMS-level control is evaluated at REPO-EMS rather than separately for each product repository.,Engineering Management,POLICY_ORG_ONLY
2D,EMS-CTRL-080,Annual EMS Review,REPO-004,nono,NOT_APPLICABLE,Organization/EMS-level control is evaluated at REPO-EMS rather than separately for each product repository.,Engineering Management,POLICY_ORG_ONLY
2D,EMS-CTRL-080,Annual EMS Review,REPO-005,olive,NOT_APPLICABLE,Organization/EMS-level control is evaluated at REPO-EMS rather than separately for each product repository.,Engineering Management,POLICY_ORG_ONLY
2D,EMS-CTRL-080,Annual EMS Review,REPO-006,popeye,NOT_APPLICABLE,Organization/EMS-level control is evaluated at REPO-EMS rather than separately for each product repository.,Engineering Management,POLICY_ORG_ONLY
2D,EMS-CTRL-080,Annual EMS Review,REPO-EMS,ems,APPLICABLE,EMS repository is the authoritative target for EMS/organization controls and its own engineering controls.,Engineering Management,POLICY_EMS_TARGET
